Attrition,OverTime,MonthlyIncome,JobLevel,JobSatisfaction,Age,HourlyRate
Yes,Yes,5993,2,Very_High,41,94
No,No,5130,2,Medium,49,61
Yes,Yes,2090,1,High,37,92
No,Yes,2909,1,High,33,56
No,No,NA,1,Medium,27,40
No,No,3068,1,Very_High,32,79
No,Yes,2670,1,Low,59,81
No,No,2693,1,High,30,67
No,No,9526,3,High,38,44
No,No,5237,2,High,36,94
No,No,2426,1,Medium,35,84
No,Yes,NA,2,High,29,49
No,No,2911,1,High,31,31
No,No,2661,1,Very_High,34,93
Yes,Yes,2028,1,High,28,50
No,No,9980,3,Low,29,51
No,Yes,3298,1,Medium,32,80
No,Yes,2935,1,Very_High,22,96
No,No,15427,4,Very_High,53,78
No,Yes,3944,1,Very_High,38,45
No,No,4011,2,High,24,96
Yes,No,3407,1,Low,36,82
No,No,NA,3,Medium,34,53
No,No,1232,1,Very_High,21,96
Yes,No,2960,1,Low,34,83
No,No,19094,5,High,53,58
Yes,Yes,3919,1,Low,32,72
No,No,6825,2,Medium,42,48
No,No,10248,3,Very_High,44,42
No,No,18947,5,Low,46,83
No,No,2496,1,Very_High,33,78
No,Yes,6465,2,Very_High,44,41
No,No,2206,1,High,30,83
Yes,No,2086,2,Very_High,39,56
Yes,Yes,2293,1,Very_High,24,61
No,No,2645,1,High,43,72
Yes,Yes,2683,1,High,50,86
No,No,2014,1,Very_High,35,97
No,Yes,3419,1,Low,36,82
No,No,5376,2,Low,33,42
No,No,NA,1,Very_High,35,75
No,No,2341,1,Low,27,33
Yes,No,2293,1,High,26,48
No,No,NA,3,High,27,37
No,No,4011,2,Very_High,30,58
Yes,No,19545,5,High,41,49
No,No,4568,2,High,34,72
No,No,3022,1,Medium,37,73
No,Yes,5772,2,Very_High,46,98
No,No,2269,1,Very_High,35,36
Yes,Yes,5381,3,High,48,98
Yes,Yes,3441,1,High,28,50
No,Yes,5454,2,Low,44,75
No,Yes,9884,3,Low,35,79
No,Yes,4157,2,Very_High,26,47
No,Yes,13458,3,Very_High,33,98
No,No,9069,3,Low,35,71
No,Yes,4014,1,Low,35,30
No,No,5915,2,Very_High,31,48
No,No,NA,2,High,37,51
No,Yes,6162,2,Very_High,32,33
No,No,2406,2,Very_High,38,50
No,Yes,18740,5,High,50,43
No,No,7637,3,Low,59,99
No,No,10096,3,High,36,59
No,Yes,14756,4,High,55,33
No,No,6499,2,Medium,36,95
No,No,9724,3,Low,45,59
No,No,2194,1,Low,35,79
Yes,Yes,3388,1,High,36,79
No,No,5473,2,High,59,57
No,No,2703,1,Medium,29,76
No,No,2501,1,Medium,31,87
No,No,6220,2,Medium,32,66
No,No,3038,1,Very_High,36,55
No,No,4424,2,Very_High,31,61
No,No,NA,2,Low,35,32
No,Yes,13245,3,Low,45,52
No,No,13664,3,High,37,30
No,Yes,5021,2,Medium,46,80
No,Yes,5126,2,Very_High,30,55
No,No,2859,1,High,35,30
No,No,NA,3,Very_High,55,70
No,Yes,NA,2,Very_High,38,79
No,No,4325,2,Medium,34,94
No,No,7260,3,Very_High,56,49
No,No,2322,1,Low,23,62
No,No,2075,1,Very_High,51,96
No,No,4152,2,Very_High,30,99
Yes,No,9619,3,Very_High,46,64
No,No,13503,4,Medium,40,78
No,Yes,5441,2,Very_High,51,71
No,Yes,5209,2,Medium,30,63
No,Yes,10673,3,Low,46,40
No,No,NA,2,High,32,87
No,No,13549,3,High,54,60
No,No,4999,2,High,24,33
No,No,4221,2,High,28,43
No,No,13872,4,High,58,37
No,No,2042,2,Medium,44,67
Yes,Yes,2073,1,Low,37,63
No,No,2956,1,Low,32,71
Yes,Yes,2926,1,Very_High,20,66
No,No,4809,2,High,34,41
No,No,5163,2,Very_High,37,100
No,No,18844,5,Very_High,59,32
No,Yes,18172,5,Medium,50,73
Yes,Yes,5744,2,High,25,46
No,No,2889,1,Very_High,25,64
No,No,2871,1,Very_High,22,59
No,No,7484,3,Low,51,30
Yes,Yes,6074,2,High,34,66
No,Yes,17328,4,Very_High,54,30
No,No,2774,1,High,24,52
No,No,4505,2,Medium,34,45
No,No,7428,3,Very_High,37,87
No,No,11631,3,Low,34,45
No,No,9738,3,Very_High,36,92
No,No,2835,1,Very_High,36,39
No,Yes,16959,4,Very_High,43,92
No,No,2613,1,High,30,96
No,No,6146,2,Medium,33,95
Yes,Yes,4963,1,Medium,56,72
No,No,19537,5,High,51,51
Yes,Yes,6172,2,High,31,76
No,No,2368,1,Medium,26,46
Yes,No,10312,3,Very_High,58,94
Yes,Yes,1675,1,High,19,50
No,No,2523,1,Very_High,22,100
No,No,6567,2,Low,49,96
No,No,4739,1,High,43,72
No,No,9208,3,Very_High,50,77
Yes,Yes,4559,2,High,31,71
No,Yes,8189,3,High,41,96
No,No,2942,1,High,26,61
No,No,4941,2,Medium,36,84
Yes,No,10650,3,Very_High,51,53
No,No,5902,2,High,39,47
No,No,8639,2,High,25,41
No,Yes,6347,2,Very_High,30,48
Yes,No,4200,1,Low,32,41
No,No,3452,1,Very_High,45,83
No,Yes,4317,2,High,38,32
No,No,2632,1,High,30,75
No,No,4668,2,Very_High,32,35
No,No,3204,1,Low,30,84
No,No,2720,1,Very_High,30,35
No,No,17181,4,Low,41,91
No,No,2238,1,Low,41,94
No,No,1483,1,Medium,19,79
No,No,5605,2,Medium,40,54
No,No,7295,3,Medium,35,94
No,Yes,2306,2,High,53,34
No,No,2348,2,Medium,45,60
No,No,8998,3,Very_High,32,43
No,No,4319,2,High,29,41
No,No,6132,2,High,51,34
No,Yes,3346,1,Medium,58,75
No,No,10855,3,Very_High,40,67
No,No,2231,1,High,34,75
No,No,2323,1,Very_High,22,80
No,No,2024,1,Medium,27,57
No,No,2713,1,Very_High,28,42
No,Yes,9439,3,Very_High,57,83
No,Yes,2566,1,High,27,79
No,No,19926,5,Medium,50,53
No,No,2451,1,High,41,56
No,No,9419,3,Very_High,30,41
No,No,8686,2,Very_High,38,59
No,No,3038,1,High,32,43
No,Yes,3058,1,Medium,27,51
Yes,No,2325,1,Low,19,100
No,No,2088,1,Medium,36,30
No,No,3072,2,Low,30,66
No,Yes,5006,2,Low,45,30
No,Yes,4257,1,Low,56,67
No,No,2500,1,Very_High,33,90
Yes,No,1102,1,Very_High,19,47
No,No,10453,3,Low,46,92
No,No,2288,1,Very_High,38,75
No,Yes,3929,1,Very_High,31,95
No,No,2311,1,Medium,34,95
Yes,Yes,3140,1,Medium,41,70
No,No,3690,1,High,50,86
No,No,4450,2,Low,53,57
No,No,2756,1,Medium,33,72
No,No,19033,5,High,40,46
No,No,18722,5,Medium,55,61
No,No,9547,2,High,34,45
No,No,13734,4,Medium,51,98
No,No,19999,5,High,52,65
No,No,2279,1,Medium,27,99
Yes,Yes,5916,2,High,35,50
No,No,NA,1,Very_High,43,37
No,No,16792,4,Very_High,45,65
No,Yes,3564,1,Low,37,65
No,No,4425,2,Medium,35,37
No,No,5265,2,High,42,36
No,No,6553,2,High,38,88
No,No,6261,2,Very_High,38,54
No,No,4298,2,Low,27,60
No,Yes,6804,2,Very_High,49,92
No,Yes,3815,1,High,34,43
No,Yes,2741,2,Very_High,40,99
Yes,Yes,6673,2,Low,38,70
Yes,No,7639,3,Very_High,29,35
No,Yes,2328,1,Medium,22,60
No,No,2153,1,Very_High,36,73
No,No,4876,2,Very_High,40,63
No,No,9396,3,Low,46,97
Yes,No,10400,3,Very_High,32,32
No,No,8474,3,High,30,88
No,No,9981,2,High,27,90
No,No,12490,3,Medium,51,81
Yes,Yes,2657,1,Low,30,88
No,Yes,13591,3,Very_High,41,75
Yes,No,6696,2,Low,30,52
Yes,No,2058,1,High,29,85
No,No,8865,3,Very_High,45,57
No,No,5940,2,Low,54,52
No,No,5914,2,Medium,36,62
No,No,2622,1,Medium,33,47
No,Yes,12185,3,Very_High,37,47
No,No,10609,3,High,38,76
No,No,4345,2,High,31,90
No,No,2177,1,Very_High,59,70
No,No,2793,1,Very_High,37,41
No,No,7918,3,Very_High,29,42
No,No,8789,3,High,35,92
Yes,Yes,2389,1,Very_High,29,86
No,No,3212,1,Very_High,52,89
No,No,19232,5,Very_High,42,58
No,No,2267,1,High,59,52
No,No,19517,5,Very_High,50,68
Yes,Yes,2436,1,Very_High,33,58
No,Yes,16064,4,Very_High,43,80
Yes,No,2707,1,Low,33,39
No,Yes,19068,5,High,52,79
No,No,3931,1,Medium,32,56
Yes,Yes,3730,1,High,32,62
No,No,2232,1,High,39,96
No,No,4465,2,Very_High,32,100
No,No,3072,2,Low,41,36
No,No,3319,2,Very_High,40,62
No,No,19202,5,Very_High,45,70
No,No,13675,3,High,31,73
No,No,2911,1,Very_High,33,63
No,No,5957,2,Low,34,84
No,No,3920,1,Low,37,83
No,No,6434,2,High,45,77
Yes,No,10048,3,High,37,61
No,No,NA,3,High,39,64
No,No,2340,1,Very_High,29,60
No,Yes,6545,2,Low,42,82
No,No,6931,2,Very_High,29,45
No,No,4898,2,High,25,62
No,Yes,2593,1,Low,42,56
No,No,NA,5,High,40,49
No,No,2723,1,Very_High,51,96
Yes,No,3479,1,Medium,31,71
No,No,2794,1,Medium,32,100
No,No,5249,2,Very_High,38,39
No,No,2176,2,Low,32,84
No,Yes,16872,4,Medium,46,75
Yes,No,3485,1,High,28,79
No,No,6644,2,Medium,29,78
No,No,5582,2,Very_High,31,64
No,No,4000,2,Low,25,85
No,Yes,13496,4,Very_High,45,79
No,No,3210,1,Very_High,36,47
No,Yes,19045,5,Low,55,81
Yes,Yes,11849,3,Medium,47,88
No,No,2070,1,Very_High,28,94
No,No,6502,2,Very_High,37,98
No,No,3230,1,High,21,100
No,Yes,13603,3,Very_High,37,80
No,No,11996,3,Medium,35,71
No,Yes,5605,2,Low,38,44
No,No,6397,2,Medium,26,84
No,No,19144,5,Medium,50,96
No,Yes,17584,4,High,53,45
No,No,4907,2,High,42,99
No,No,4554,2,Very_High,29,44
No,Yes,5415,2,Very_High,55,37
No,Yes,4741,2,Low,26,60
No,No,NA,1,Very_High,37,42
Yes,Yes,3161,1,High,44,43
No,No,5745,2,Very_High,38,82
Yes,Yes,2373,1,Medium,26,45
No,No,3310,1,Very_High,28,66
No,Yes,18665,5,Low,49,35
No,No,NA,2,Medium,36,30
No,No,2789,1,Medium,31,84
Yes,Yes,NA,2,Very_High,26,48
No,Yes,2326,1,Very_High,37,53
No,No,13525,4,Medium,42,77
Yes,No,1420,1,High,18,54
No,No,8020,3,Medium,35,96
No,No,3688,1,Very_High,36,81
No,No,5482,2,Medium,51,84
No,No,16015,4,Medium,41,88
No,No,1200,1,High,18,69
No,No,5661,2,Low,28,68
No,No,6929,2,Very_High,31,100
No,No,9613,3,Very_High,39,48
No,No,5674,2,Medium,36,47
No,No,5484,2,High,32,91
No,No,12061,3,Medium,38,81
No,Yes,5660,2,High,58,32
No,Yes,4821,1,Very_High,31,86
No,No,6410,2,Low,31,62
No,No,5210,3,Low,45,97
No,Yes,2695,1,Very_High,31,32
No,No,11878,3,Medium,33,74
No,Yes,17068,4,Low,39,99
No,No,2455,1,Very_High,43,33
No,Yes,13964,4,High,49,90
Yes,No,4941,2,Medium,52,85
No,Yes,2478,1,Medium,27,85
No,Yes,5228,2,Medium,32,65
No,Yes,4478,2,High,27,74
No,No,7547,2,Very_High,31,73
No,No,5055,2,Very_High,32,74
Yes,Yes,3464,1,Very_High,28,84
No,No,5775,2,Very_High,30,64
No,No,8943,3,High,31,48
No,No,19272,5,Very_High,39,54
Yes,Yes,5238,2,High,39,41
No,No,4682,2,Very_High,33,46
No,No,18300,5,High,47,42
No,No,NA,2,High,43,82
No,Yes,6349,2,Medium,27,73
No,No,4869,2,High,54,31
No,No,9985,3,Low,43,43
No,No,3697,2,Very_High,45,75
No,Yes,7457,2,Very_High,40,57
Yes,Yes,2119,1,Low,29,77
No,No,3983,1,Very_High,29,30
No,No,6118,2,High,30,30
No,No,6214,2,Medium,27,56
No,No,6347,2,Very_High,37,61
No,Yes,11510,3,Very_High,38,92
No,Yes,7143,3,Very_High,31,39
No,Yes,8268,2,Medium,29,39
No,No,8095,3,Medium,35,62
No,No,2904,1,Very_High,23,83
No,Yes,6032,2,Medium,41,95
No,No,2976,2,High,47,99
No,No,15992,4,Very_High,42,44
No,No,4649,2,High,29,61
No,Yes,2696,1,High,42,52
No,No,2370,1,Medium,32,75
No,No,12504,3,High,48,91
No,Yes,5974,2,Low,37,51
No,Yes,4736,2,High,30,85
No,No,5296,2,High,26,57
No,No,6781,2,Very_High,42,98
Yes,Yes,2174,1,Medium,21,99
No,No,6653,2,Very_High,36,45
No,No,9699,3,Very_High,36,48
No,No,6755,2,High,57,88
No,Yes,2213,1,High,40,46
No,No,2610,1,Very_High,21,39
Yes,Yes,2851,1,High,33,34
No,No,3452,1,Low,37,98
No,No,5258,2,High,46,30
Yes,No,9355,2,Medium,41,56
No,No,10496,3,Very_High,50,100
Yes,Yes,6380,2,High,40,68
No,Yes,2657,1,Medium,31,42
Yes,No,2716,1,Medium,21,90
No,No,2201,1,Very_High,29,54
No,No,6540,2,Medium,35,97
No,No,3816,1,Medium,27,82
No,No,5253,2,Very_High,28,92
No,No,10965,3,High,49,31
No,No,4936,2,Very_High,51,87
No,No,2543,1,High,36,96
Yes,Yes,5304,2,Very_High,34,67
No,Yes,16659,4,Very_High,55,97
No,Yes,NA,2,High,24,77
No,No,2476,1,Medium,30,72
Yes,No,3102,1,Low,26,73
No,No,2244,1,Medium,22,43
No,No,7596,3,High,36,61
Yes,Yes,2285,1,Very_High,30,40
No,No,3034,1,Low,37,95
No,No,5715,2,Medium,40,46
No,No,2576,1,Low,42,95
No,Yes,4197,2,Medium,37,49
No,No,14336,4,Medium,43,59
No,No,3448,2,High,40,78
No,No,19406,5,Low,54,86
No,No,6538,2,High,34,72
No,No,NA,2,Low,31,31
No,No,2258,1,Very_High,43,61
No,Yes,4522,2,High,43,74
No,Yes,4487,2,Very_High,25,99
No,Yes,4449,2,High,37,72
No,No,2218,1,Low,31,98
No,Yes,19197,5,High,39,52
No,No,13212,4,Low,56,86
No,No,6577,2,High,30,83
No,No,8392,3,Low,41,49
No,No,4558,2,Low,28,79
Yes,No,4031,1,Low,25,91
No,Yes,7969,3,High,52,39
No,No,2654,1,Very_High,45,69
No,No,16555,4,Very_High,52,30
No,No,4556,2,High,42,92
No,No,6091,2,Very_High,30,43
No,No,19566,5,Low,60,41
No,No,NA,2,High,46,87
No,No,4523,2,Very_High,42,88
Yes,Yes,3202,1,Medium,24,62
Yes,No,2351,1,High,34,33
No,Yes,1702,1,Very_High,38,42
No,No,18041,5,High,40,79
No,No,2886,1,Very_High,26,90
No,No,2097,1,Very_High,30,53
No,No,11935,3,High,29,93
Yes,No,2546,1,Medium,29,71
Yes,No,2564,1,Very_High,19,52
No,No,8412,3,Low,30,69
No,No,14118,4,Very_High,57,56
No,No,17046,4,High,50,88
No,No,2564,1,Very_High,30,49
No,No,10266,3,Low,60,80
No,No,5070,2,Very_High,47,65
No,No,17861,4,High,46,51
No,No,4230,1,High,35,46
No,No,3780,2,High,54,42
No,No,2768,1,High,34,62
No,Yes,9071,3,Very_High,46,94
No,No,10648,3,Medium,31,33
Yes,Yes,13610,3,High,33,56
Yes,No,3408,1,Very_High,33,38
No,No,2983,1,Medium,30,57
No,Yes,7632,3,High,35,72
Yes,No,9824,3,High,31,66
Yes,Yes,9950,3,Low,34,43
No,No,2093,1,High,42,97
No,No,9980,3,Very_High,36,32
Yes,No,3894,1,High,22,99
No,No,4051,2,Very_High,48,37
No,No,16835,4,Medium,55,83
No,No,6230,2,Very_High,41,56
No,No,4717,2,High,35,85
No,No,13237,4,High,40,75
No,No,3755,1,High,39,48
No,Yes,6582,2,Very_High,31,77
No,Yes,7406,3,Low,42,56
No,No,4805,2,Medium,45,61
Yes,Yes,2741,1,High,26,58
No,No,4262,2,Very_High,29,34
No,No,16184,4,High,33,95
No,No,11557,3,Very_High,31,44
Yes,Yes,1878,1,Medium,18,69
No,No,10932,3,Low,40,58
No,Yes,NA,2,High,41,62
No,No,4306,2,High,26,45
No,No,4859,2,High,35,80
No,No,5337,2,Very_High,34,74
Yes,Yes,2340,1,Very_High,26,66
No,No,7491,3,Very_High,37,59
No,No,10527,3,High,46,86
No,No,16595,4,Low,41,91
No,No,8834,3,Medium,37,69
No,Yes,5577,2,Low,52,78
Yes,No,4707,2,High,32,60
No,No,2400,1,Very_High,24,38
No,No,9824,2,High,38,76
No,No,6447,2,Medium,37,65
No,Yes,19502,5,High,49,58
No,Yes,2725,1,Very_High,24,89
No,No,6272,2,Medium,26,66
No,No,NA,1,Medium,24,94
No,No,18200,5,Medium,50,99
No,No,2096,1,High,25,40
Yes,Yes,2886,1,High,24,55
Yes,No,2033,1,Low,30,74
No,Yes,3622,1,Very_High,34,83
Yes,No,4233,2,Low,31,46
No,No,3681,2,Very_High,35,54
No,No,5460,2,Very_High,31,66
No,No,2187,1,High,27,66
No,Yes,9602,2,High,37,75
No,No,2836,1,Medium,20,83
No,No,4089,2,Very_High,42,81
No,Yes,16627,4,Very_High,43,50
No,No,2619,1,Low,38,43
No,Yes,5679,2,High,43,72
No,No,15402,4,Low,48,40
No,No,5985,2,High,44,50
No,Yes,2579,1,High,34,31
Yes,No,3041,1,Low,27,85
No,No,3447,1,High,21,49
No,Yes,19513,5,Very_High,44,35
No,No,2773,1,High,22,69
No,No,7104,2,High,33,39
No,Yes,6322,2,Very_High,32,92
No,No,2083,1,High,30,71
No,No,8381,2,Low,53,34
No,No,2691,1,Very_High,34,42
Yes,No,4286,2,Low,45,100
No,Yes,NA,1,Very_High,26,71
No,No,9434,3,High,37,36
No,No,5561,2,High,29,62
No,No,6646,2,Very_High,35,82
No,No,7725,2,Very_High,33,30
No,No,10725,3,Medium,54,88
No,Yes,8847,2,Medium,36,48
No,No,2045,1,Very_High,27,54
Yes,Yes,1009,1,High,20,32
Yes,Yes,3348,1,Low,33,70
No,No,1281,1,High,35,41
No,No,2819,1,Low,23,58
No,No,4851,2,Medium,25,57
No,No,4028,2,Very_High,38,46
No,No,2720,1,Very_High,29,76
No,No,8120,2,Medium,48,56
No,Yes,4647,2,Very_High,27,71
No,No,4680,1,Very_High,37,80
No,Yes,3221,1,High,50,74
No,No,8621,3,Medium,34,46
Yes,No,4577,2,High,24,65
No,No,NA,2,High,39,80
No,No,5396,2,Very_High,32,55
Yes,Yes,6796,2,High,50,50
No,No,NA,2,Very_High,38,33
No,No,7412,3,Low,27,68
No,No,11159,3,Very_High,32,39
No,No,4960,2,Low,47,42
No,Yes,10475,3,Low,40,48
No,No,14814,4,High,53,59
No,No,19141,5,Very_High,41,73
No,No,5405,2,Low,60,84
No,No,8793,3,Low,27,32
No,No,19189,5,High,41,59
No,No,3875,1,Medium,50,54
Yes,Yes,2216,1,Medium,28,67
No,No,11713,3,Low,36,63
No,Yes,7861,3,High,38,81
No,No,3708,1,High,44,49
No,Yes,13770,4,High,47,49
No,No,5304,2,Very_High,30,99
No,No,NA,1,High,29,99
Yes,Yes,2759,1,High,42,57
No,No,6804,2,Very_High,43,47
No,No,6142,2,High,34,96
No,No,2500,1,Low,23,37
No,No,6389,2,Medium,39,44
No,No,11103,4,Very_High,56,81
No,Yes,2342,1,Very_High,40,86
No,No,6811,2,Low,27,55
No,No,2297,1,Medium,29,83
No,No,2450,2,Very_High,53,86
No,No,5093,2,Low,35,61
No,No,5309,2,Very_High,32,80
No,Yes,3057,1,High,38,92
No,No,5121,2,Low,34,32
No,No,16856,4,Low,52,31
Yes,Yes,NA,1,Very_High,33,63
No,No,NA,2,Very_High,25,32
No,No,6632,2,High,45,46
No,No,3505,1,High,23,79
Yes,Yes,6397,2,High,47,77
No,No,6274,2,Very_High,34,60
Yes,Yes,19859,5,Low,55,78
No,No,7587,3,Low,36,76
No,No,NA,1,Very_High,52,41
No,No,4364,1,Very_High,26,71
No,No,4335,2,High,29,66
Yes,No,NA,2,Low,26,38
No,No,3280,1,Very_High,34,72
No,Yes,5485,2,Low,54,95
No,No,4342,2,Very_High,27,84
No,Yes,2782,1,Low,37,82
No,Yes,5980,2,Low,38,75
No,No,4381,1,Low,34,86
No,No,2572,1,Very_High,35,72
No,No,NA,1,High,30,38
No,No,4244,2,Medium,40,38
No,No,6500,2,Low,34,93
No,No,18430,5,Very_High,42,66
Yes,Yes,1601,1,Low,23,63
No,No,2694,1,Medium,24,60
No,No,3149,2,High,52,82
No,No,17639,4,High,50,64
Yes,Yes,2319,1,Low,29,36
No,No,11691,3,High,33,49
Yes,No,5324,2,Low,33,69
No,Yes,16752,4,Very_High,47,33
No,No,5228,2,Medium,36,35
No,No,2700,1,High,29,81
Yes,Yes,19246,5,Medium,58,31
No,No,2506,1,High,35,40
No,Yes,6062,2,Very_High,42,43
Yes,No,4382,1,High,28,46
No,No,2143,1,Medium,36,36
No,No,6162,2,High,32,98
No,No,5094,2,High,40,51
No,Yes,6877,2,Very_High,30,52
No,No,2274,1,High,45,95
No,No,4434,2,Medium,42,98
No,No,6288,2,Low,38,45
No,No,2553,1,Very_High,34,100
Yes,No,7654,3,Very_High,49,43
Yes,No,5160,2,Very_High,55,37
No,No,17159,4,Low,43,94
No,Yes,12808,3,Very_High,27,42
No,No,10221,3,High,35,59
No,Yes,4779,2,Medium,28,81
No,No,3737,1,Very_High,34,88
Yes,Yes,2366,1,High,26,88
No,No,1706,1,Very_High,27,50
No,No,16307,4,High,51,66
No,No,5933,2,Medium,44,50
No,No,NA,1,Low,25,65
No,No,4037,2,Low,33,48
No,No,2559,1,Low,35,53
No,Yes,6201,2,Very_High,36,56
No,No,4403,2,Very_High,32,73
No,No,3761,1,Very_High,30,75
No,Yes,10934,3,Very_High,53,78
No,Yes,10761,3,Low,45,74
No,No,5175,2,High,32,91
No,No,13826,4,Very_High,52,81
No,No,6334,2,High,37,66
No,No,4936,1,Very_High,28,63
No,No,4775,2,Very_High,22,33
No,Yes,2818,1,Very_High,44,62
No,Yes,2515,1,Very_High,42,35
No,No,2342,1,Low,36,77
No,Yes,4194,2,Low,25,98
No,Yes,10685,3,High,35,66
Yes,Yes,2022,1,Medium,35,96
No,No,2314,1,Very_High,32,61
No,No,4256,2,Low,25,87
No,No,3580,1,Low,49,36
No,No,3162,1,Very_High,24,46
No,No,6524,2,Medium,32,48
No,No,2899,1,Medium,38,98
No,Yes,5231,2,Very_High,42,95
No,Yes,2356,1,Very_High,31,48
Yes,Yes,2800,1,High,29,48
No,No,11836,4,Very_High,53,73
No,No,10903,3,Medium,35,78
No,No,2973,1,Very_High,37,54
No,No,14275,4,Very_High,53,72
No,No,5562,2,Very_High,43,33
No,Yes,4537,2,Very_High,47,35
No,Yes,7642,3,Medium,37,32
No,No,17924,4,Low,50,98
No,No,5204,2,Very_High,39,42
No,Yes,2277,1,Medium,33,57
Yes,Yes,2795,1,Very_High,32,87
No,No,2532,1,Very_High,29,62
No,Yes,2559,1,Low,44,61
No,No,4908,2,Very_High,28,98
Yes,Yes,2380,1,Very_High,58,57
No,No,NA,2,Medium,43,55
Yes,No,2044,1,High,20,49
Yes,No,2693,1,Very_High,21,65
No,Yes,6586,2,Very_High,36,68
No,Yes,3294,1,Very_High,47,65
Yes,Yes,4171,2,High,22,34
Yes,Yes,2778,1,Very_High,41,57
No,No,2377,1,High,28,77
Yes,Yes,2404,1,Low,39,70
No,No,2318,1,High,27,76
No,No,2008,1,Medium,34,83
No,No,6244,2,High,42,68
No,Yes,2799,1,Low,33,100
No,Yes,NA,3,Medium,58,37
No,No,2329,1,High,31,41
No,Yes,4014,2,Very_High,35,51
No,No,7403,3,Medium,49,51
No,No,NA,1,High,48,51
No,No,6932,2,High,31,45
No,No,4678,1,Very_High,36,65
No,No,13582,3,Low,38,80
No,No,2332,1,Medium,32,70
Yes,Yes,2413,1,Medium,25,36
No,No,9705,3,Medium,40,67
No,No,4294,2,Low,26,52
No,Yes,4721,1,Low,41,59
No,No,2519,1,High,36,79
Yes,Yes,2121,1,Medium,19,37
Yes,No,2973,1,Low,20,84
No,Yes,5855,2,Very_High,31,41
No,Yes,3617,1,Medium,40,35
No,No,6725,2,Low,32,93
Yes,Yes,10325,3,Very_High,36,51
No,No,6949,2,Very_High,33,42
Yes,No,10609,3,High,37,46
No,No,4447,2,Medium,45,57
No,No,2157,1,Very_High,29,84
No,No,4601,2,High,35,86
No,No,17099,4,Very_High,52,70
Yes,No,2479,1,High,58,51
No,No,14852,4,High,53,45
No,No,7264,3,High,30,62
No,Yes,5666,2,Very_High,38,85
No,No,7823,3,Very_High,35,92
No,No,7880,3,High,39,41
Yes,Yes,NA,4,Medium,40,100
No,Yes,5067,2,High,47,64
No,No,5079,2,Very_High,36,84
Yes,Yes,2321,1,Low,31,46
No,No,17444,4,High,33,38
Yes,Yes,2404,1,Low,29,92
No,No,3452,1,Very_High,33,53
No,No,2270,1,Very_High,45,91
No,No,17399,4,Very_High,50,66
No,Yes,5488,2,Medium,33,84
No,No,19419,5,High,41,64
No,No,2811,1,Medium,27,37
No,Yes,3633,2,Low,45,42
No,Yes,4163,2,Very_High,47,83
Yes,Yes,2132,1,High,30,48
No,Yes,13973,4,High,50,95
No,No,2684,1,High,38,66
No,No,10845,3,High,46,75
No,No,4377,2,High,24,41
Yes,Yes,3743,1,Medium,35,39
No,No,4148,2,Low,31,96
No,No,1051,1,Very_High,18,73
No,No,10739,3,High,54,56
No,Yes,10388,3,High,35,57
No,Yes,11416,3,Low,30,73
Yes,Yes,2600,1,Low,20,98
Yes,No,2422,1,Medium,30,60
No,No,5472,2,Very_High,26,32
No,No,2451,1,Low,22,94
No,No,4240,2,High,48,97
No,No,10999,3,High,48,78
No,No,5003,2,High,41,42
No,No,12742,4,Very_High,39,65
No,No,4227,2,Very_High,27,47
No,No,NA,1,Very_High,35,45
No,No,18303,5,High,42,90
No,No,2380,1,Very_High,50,64
No,Yes,13726,4,Very_High,59,69
Yes,No,4777,2,Medium,37,61
No,Yes,6385,2,Medium,55,62
No,No,19973,5,High,41,55
No,Yes,6861,2,Very_High,38,42
Yes,No,4969,2,Low,26,79
Yes,No,19845,5,Very_High,52,57
No,Yes,13320,4,Very_High,44,53
No,No,6347,2,High,50,95
Yes,No,2743,1,Low,36,43
No,Yes,10880,3,Low,39,82
No,No,2342,1,Very_High,33,88
No,No,17650,4,Very_High,45,90
No,No,4025,1,High,32,69
No,No,9725,2,Very_High,34,75
No,Yes,11904,3,Very_High,59,66
No,No,2177,1,Medium,45,36
No,No,7525,3,Medium,53,38
Yes,No,4834,2,High,36,81
Yes,Yes,2042,1,Low,26,57
No,Yes,2220,1,High,34,87
No,No,NA,1,Medium,28,74
No,No,NA,1,High,38,44
No,Yes,19237,5,High,50,62
No,No,4107,2,Medium,37,35
No,No,8396,2,Low,40,74
No,No,2007,1,High,26,66
No,No,19627,5,Very_High,46,40
No,No,10686,3,High,54,41
No,No,2942,1,High,56,63
No,No,8858,3,Very_High,36,51
No,No,16756,4,Low,55,40
No,No,10798,3,Very_High,43,79
Yes,Yes,2323,1,Very_High,20,54
Yes,No,1416,1,Low,21,36
No,Yes,4615,2,Low,46,74
Yes,Yes,2461,1,High,51,34
Yes,No,8722,3,Low,28,72
No,No,3955,1,Low,26,59
No,No,NA,2,Low,30,85
No,No,3376,1,High,41,43
No,No,8823,3,High,38,65
No,No,10322,3,Very_High,40,61
No,No,4621,1,High,27,87
No,No,10976,3,Medium,55,65
No,No,3660,2,High,28,59
Yes,No,10482,3,Low,44,91
No,No,NA,3,Very_High,33,34
Yes,Yes,9582,3,Low,35,86
Yes,No,4508,2,High,33,54
No,No,2207,1,High,28,50
No,No,7756,2,Very_High,34,45
No,Yes,6694,2,Very_High,37,88
Yes,Yes,3691,1,Very_High,25,32
Yes,No,2377,1,High,26,37
Yes,Yes,2313,1,Medium,33,55
No,No,17665,4,Low,42,35
Yes,No,2596,1,Medium,28,45
Yes,Yes,4728,2,High,50,81
No,No,4302,2,Medium,33,30
No,No,2979,1,Very_High,34,40
No,No,NA,4,Very_High,48,35
No,No,5593,2,High,45,65
No,No,10445,3,Medium,52,87
No,Yes,8740,3,High,38,73
No,No,NA,1,Very_High,29,93
No,No,7655,3,Medium,28,93
No,No,17465,4,High,46,52
No,No,7351,3,Medium,38,32
No,No,10820,3,Low,43,83
Yes,No,12169,4,Very_High,39,84
No,No,19626,5,High,40,44
No,Yes,2070,1,Medium,21,70
No,No,6782,2,Medium,39,70
No,No,7779,2,Very_High,36,78
No,No,NA,1,Very_High,31,67
No,No,3201,1,Medium,28,67
No,No,4968,2,Very_High,35,54
No,No,13120,4,Medium,49,56
No,No,4033,2,High,34,95
No,No,3291,1,Medium,29,61
No,No,4272,2,Very_High,42,56
No,Yes,5056,2,Very_High,29,79
No,No,2844,1,High,38,37
No,Yes,2703,1,High,28,39
Yes,No,1904,1,High,18,80
Yes,Yes,8224,2,Low,33,77
No,Yes,4766,1,Very_High,41,46
Yes,No,2610,1,High,31,72
No,No,5731,2,Very_High,37,52
No,No,2539,1,High,27,55
No,No,5714,2,High,34,70
No,No,4323,1,High,35,100
Yes,No,7336,3,Low,29,45
No,No,13499,3,High,40,88
Yes,Yes,13758,4,Low,42,44
No,No,5155,2,Low,42,45
No,No,2258,1,High,35,58
No,No,3597,1,Medium,24,49
Yes,Yes,2515,1,Very_High,28,79
No,No,4420,1,Very_High,26,82
No,No,6578,2,High,30,72
No,Yes,4422,2,Very_High,40,92
No,No,10274,3,Medium,35,44
No,No,5343,2,Low,34,97
No,No,2376,1,Very_High,35,47
Yes,No,5346,2,High,43,85
No,No,2827,1,Low,32,76
No,No,19943,5,Low,56,92
No,No,3131,1,Very_High,29,54
No,No,2552,1,Low,19,54
No,Yes,4477,1,High,45,83
No,No,6474,2,Very_High,37,56
No,No,3033,1,High,20,87
Yes,Yes,NA,1,High,44,96
No,No,18606,5,High,53,50
No,Yes,2168,1,Very_High,29,69
Yes,Yes,2853,1,Very_High,22,48
No,No,17048,4,Low,46,69
No,No,2290,1,High,44,74
No,No,3600,1,High,33,99
Yes,No,2107,1,Low,41,95
No,No,4115,2,Low,30,61
No,No,4327,2,Medium,40,62
No,No,17856,4,Low,50,30
No,No,3196,1,Low,28,78
No,No,19081,5,Medium,46,52
No,Yes,8966,2,Low,35,94
Yes,No,2210,1,Medium,24,97
No,No,4539,2,High,33,82
No,No,2741,1,High,36,60
No,No,3491,2,High,30,49
No,No,4541,2,Very_High,44,32
No,No,2678,1,Very_High,20,43
No,No,NA,2,Very_High,46,60
No,No,6272,2,Low,42,79
No,Yes,5220,2,Very_High,60,52
No,No,2743,1,Medium,32,77
No,Yes,4998,2,High,32,38
No,Yes,10252,3,Low,36,77
No,No,2781,1,Very_High,33,60
No,No,6852,2,Medium,40,84
No,No,4950,2,Very_High,25,57
No,Yes,3579,1,Medium,30,63
No,Yes,13191,3,Low,42,60
No,Yes,10377,3,Very_High,35,78
No,Yes,2235,1,Low,27,42
No,No,NA,3,High,54,53
No,No,2011,1,Very_High,44,72
Yes,Yes,1859,1,Medium,19,96
No,No,3760,1,Very_High,29,97
No,No,17779,4,Very_High,54,85
No,Yes,6833,2,Low,31,80
No,No,6812,2,Low,31,96
No,No,5171,2,Very_High,59,48
No,No,19740,5,Very_High,43,96
No,No,18711,5,High,49,85
No,No,3692,1,Medium,36,46
No,No,2559,1,Medium,48,76
No,No,2517,1,High,27,76
No,Yes,6623,2,Very_High,29,82
No,No,18265,5,Very_High,48,76
No,No,16124,4,Very_High,29,87
No,No,2585,1,High,34,89
No,No,18213,5,Medium,44,88
No,Yes,8380,3,High,33,82
No,Yes,2994,1,Very_High,19,57
No,No,1223,1,High,23,47
Yes,Yes,1118,1,Very_High,25,73
No,Yes,2875,1,Very_High,26,53
Yes,Yes,18824,5,Medium,45,94
No,Yes,13577,4,Medium,55,37
Yes,No,2625,1,High,21,45
No,No,18789,5,Medium,46,33
No,Yes,4538,2,Low,34,86
No,Yes,19847,5,Medium,51,83
No,No,10512,3,Very_High,59,67
No,No,4444,2,Medium,34,46
No,Yes,2154,1,High,28,44
No,No,19190,5,Low,44,92
No,No,4490,2,Medium,34,56
No,Yes,3506,1,High,35,66
No,Yes,2372,2,Medium,42,78
No,No,10231,3,Very_High,43,56
No,Yes,5410,2,Medium,36,53
Yes,No,7978,3,Very_High,44,73
No,Yes,3867,1,Very_High,28,52
No,No,2838,1,High,51,40
No,Yes,4695,2,High,30,72
Yes,Yes,3339,1,High,29,39
No,No,2080,1,Low,28,84
No,No,2096,1,Medium,25,40
No,No,6209,2,Very_High,32,56
No,No,18061,5,Medium,45,83
No,Yes,17123,4,Medium,39,94
No,No,2372,1,High,58,88
Yes,No,4883,2,High,32,79
Yes,No,3904,1,Low,39,93
No,No,NA,2,Very_High,30,48
No,No,7094,3,High,36,63
No,No,3423,1,Low,46,44
No,No,6674,2,Very_High,28,55
No,Yes,16880,4,Low,50,43
Yes,Yes,9094,3,Medium,40,57
Yes,Yes,8446,3,Medium,52,64
No,Yes,NA,3,Low,30,95
No,No,4534,2,High,39,32
No,Yes,9852,3,High,31,57
No,No,6151,2,Medium,41,40
Yes,Yes,2302,1,Medium,31,54
Yes,No,2362,1,Low,44,89
No,Yes,17861,4,High,42,37
No,No,19187,5,High,55,58
No,No,19717,5,Medium,56,99
No,No,3544,1,High,40,74
No,No,8500,3,Very_High,34,86
No,No,4661,2,Very_High,40,98
No,No,4103,2,Low,41,66
No,Yes,4249,2,High,35,87
No,Yes,14026,4,Medium,51,84
No,No,6893,2,Low,38,31
No,No,6125,2,Low,34,66
No,No,NA,1,Very_High,25,67
Yes,Yes,10008,3,Low,58,53
No,No,2387,1,Medium,40,88
No,No,4639,2,Low,36,83
No,No,7898,3,Very_High,48,54
No,No,2534,1,Very_High,27,98
No,No,13142,4,Medium,51,82
No,No,1611,1,Very_High,18,97
No,No,5363,2,Very_High,35,60
No,No,5071,2,Very_High,27,43
Yes,Yes,13695,4,High,55,85
No,Yes,13402,4,Medium,56,68
No,No,2029,1,High,34,92
No,No,6377,2,High,40,89
No,No,5429,2,High,34,86
Yes,No,2785,1,Very_High,31,90
Yes,Yes,4614,2,High,35,67
No,No,2610,1,High,38,57
No,No,NA,2,Very_High,34,98
No,No,4724,2,Low,28,48
Yes,Yes,6179,2,High,31,98
No,Yes,6120,2,Very_High,39,44
No,No,10596,3,Medium,51,52
No,Yes,5467,2,Very_High,41,75
No,Yes,2996,1,High,37,54
No,No,9998,2,Very_High,33,61
No,Yes,4078,2,Medium,32,36
No,No,10920,3,High,39,71
No,No,6232,2,High,25,93
No,Yes,13247,4,High,52,59
No,Yes,4081,2,High,43,73
No,Yes,5769,2,Very_High,27,98
Yes,Yes,2394,1,High,27,51
No,No,3904,1,Very_High,26,36
No,No,NA,4,Low,42,31
No,No,2950,1,Low,52,54
No,No,3629,1,High,37,94
No,No,9362,3,Very_High,35,60
No,No,3229,1,Very_High,25,81
No,No,3578,1,Low,26,100
No,No,7988,3,Low,29,51
Yes,No,4284,2,Low,49,97
Yes,Yes,7553,3,Very_High,29,84
No,No,17328,4,Very_High,54,54
No,Yes,19701,5,Low,58,76
No,No,14732,4,Very_High,55,81
No,Yes,9278,2,Medium,36,99
Yes,No,1359,1,High,31,50
No,No,4779,2,Low,30,73
No,No,16422,4,Medium,31,93
No,No,2996,1,Low,34,91
Yes,No,1261,1,Medium,31,34
No,No,2099,1,Low,27,91
No,No,5810,2,Very_High,36,37
No,No,5647,2,Low,36,98
No,No,3420,1,Very_High,47,74
Yes,No,4400,1,Low,25,68
No,No,3500,1,High,37,84
No,No,2066,1,Low,56,90
No,No,17169,4,High,47,82
No,Yes,4162,2,High,24,42
No,No,9204,2,Very_High,32,97
No,No,3294,1,Medium,34,86
No,Yes,NA,1,High,41,90
No,No,3975,2,High,40,81
No,No,10793,3,Very_High,31,31
Yes,No,10096,3,Very_High,46,52
Yes,Yes,3646,1,Low,39,54
Yes,No,7446,3,Medium,31,100
No,Yes,10851,3,Low,45,95
No,No,2109,1,Medium,31,96
Yes,Yes,3722,1,Very_High,31,94
No,Yes,9380,3,Very_High,45,55
No,No,5486,2,Low,48,96
Yes,No,2742,1,High,34,52
No,No,13757,3,Medium,40,55
No,No,NA,2,Low,28,84
No,No,3162,1,High,44,90
No,No,16598,4,Medium,53,39
No,No,6651,2,High,49,96
No,No,2345,1,High,40,68
No,No,3420,1,Medium,44,49
No,No,4373,2,Low,33,54
No,No,4759,2,Low,34,81
No,No,5301,2,High,30,96
No,No,3673,1,Very_High,42,74
No,No,4768,2,High,44,79
No,No,1274,1,High,30,64
No,No,4900,2,High,57,93
No,No,10466,3,Medium,49,35
No,No,17007,4,Low,34,71
Yes,No,2909,1,High,28,92
Yes,No,5765,2,Medium,29,51
Yes,Yes,4599,2,Medium,34,40
No,No,2404,1,High,35,76
Yes,Yes,3172,1,Low,24,89
No,No,2033,1,Medium,24,78
No,Yes,NA,3,High,44,86
No,No,8620,2,High,29,77
No,No,2064,1,High,30,46
No,Yes,4035,2,High,55,30
No,No,3838,1,Medium,33,82
No,Yes,NA,2,High,47,78
Yes,No,2561,1,Low,28,38
No,No,1563,1,High,28,72
No,No,4898,2,Low,28,55
No,No,4789,2,Low,49,43
No,No,3180,1,Medium,29,97
No,No,6549,2,Medium,28,96
No,Yes,6388,2,High,33,69
No,No,11244,3,Very_High,32,64
No,No,16032,4,Very_High,54,87
Yes,No,2362,1,Low,29,100
No,No,16328,4,Low,44,32
No,No,8376,3,Medium,39,32
No,No,16606,4,Medium,46,51
No,No,8606,3,Medium,35,91
No,No,2272,2,High,23,97
Yes,No,2018,1,Low,40,86
No,Yes,7083,3,High,34,64
Yes,No,4084,1,High,31,33
No,Yes,14411,4,Very_High,50,88
No,Yes,2308,1,High,34,55
No,No,4841,1,Medium,42,68
No,No,4285,2,Very_High,37,47
No,No,9715,2,Low,29,39
No,No,4320,2,Medium,33,44
No,No,2132,1,Very_High,45,97
No,Yes,10124,3,Very_High,42,40
No,No,5473,2,Low,40,47
No,Yes,5207,2,High,33,79
No,Yes,16437,4,Very_High,40,38
No,No,2296,1,Low,24,57
No,Yes,4069,2,Very_High,40,72
No,No,7441,3,Medium,45,66
No,No,2430,1,High,35,98
No,No,5878,2,Medium,32,67
No,Yes,2644,1,Very_High,36,70
No,No,6439,2,High,48,96
No,No,2451,1,High,29,91
No,No,6392,2,Low,33,46
Yes,No,NA,2,Low,30,64
No,No,6077,2,High,38,71
No,No,2450,1,Low,35,68
No,No,9250,3,Medium,30,33
Yes,Yes,2074,1,Low,35,69
Yes,No,10169,3,Very_High,53,78
Yes,No,4855,2,Medium,38,81
No,No,4087,2,Low,32,62
No,No,NA,1,Low,48,65
No,No,2972,1,Very_High,34,35
No,No,19586,5,Very_High,55,60
No,No,5484,2,Very_High,34,45
No,No,2061,1,Very_High,26,89
No,No,9924,2,Medium,38,80
No,No,4198,2,Medium,38,90
No,No,6815,2,High,36,73
No,Yes,4723,1,Low,29,87
No,Yes,6142,2,High,35,51
No,No,8237,3,High,39,38
No,No,8853,2,Very_High,29,87
No,Yes,19331,5,High,50,59
No,No,2073,1,High,23,45
No,Yes,5562,2,Low,36,80
No,No,19613,5,Very_High,42,93
No,No,3407,2,High,35,46
No,No,5063,2,High,34,92
No,No,4639,2,Low,40,84
No,No,4876,1,Medium,43,87
No,No,NA,1,Very_High,35,63
No,No,17567,4,Low,46,56
Yes,Yes,2408,1,Medium,28,51
No,Yes,2814,1,High,22,85
No,Yes,11245,4,High,50,41
No,No,3312,1,Very_High,32,35
No,Yes,19049,5,Very_High,44,31
No,No,2141,1,Medium,30,48
No,Yes,5769,2,Low,45,50
No,No,4385,2,Low,45,52
No,No,5332,2,Low,31,54
No,Yes,4663,2,High,36,76
No,No,4724,2,Very_High,34,42
No,No,3211,1,Low,49,84
No,No,5377,2,Low,39,76
No,No,4066,1,Low,27,67
No,No,NA,2,Low,35,48
No,No,4877,2,Low,28,39
No,No,3117,1,Very_High,21,97
Yes,Yes,1569,1,Very_High,18,70
No,No,19658,5,High,47,98
No,No,3069,2,High,39,76
No,No,10435,3,High,40,80
No,No,4148,2,High,35,52
No,No,5768,2,High,37,85
No,No,5042,2,High,39,81
No,No,5770,2,Very_High,45,59
No,Yes,7756,3,High,38,54
Yes,No,10306,3,Low,35,55
No,No,3936,1,Medium,37,71
No,Yes,7945,3,Very_High,40,84
No,Yes,5743,2,Very_High,44,37
No,No,15202,4,Very_High,48,89
Yes,Yes,5440,2,Very_High,35,59
No,Yes,3760,1,Very_High,24,32
No,No,3517,1,High,27,86
No,No,2580,1,Very_High,27,87
Yes,Yes,2166,1,Low,40,73
No,No,5869,2,High,29,42
No,No,8008,3,Low,36,42
No,No,5206,2,High,25,77
No,No,5295,2,Medium,39,66
No,No,16413,4,Medium,49,72
No,No,13269,3,Low,50,50
No,No,2783,1,High,20,31
No,No,5433,2,Medium,34,66
No,No,2013,1,Medium,36,77
No,Yes,13966,4,High,49,41
No,No,4374,2,High,36,33
No,No,6842,2,Low,36,79
No,No,17426,4,High,54,91
No,No,17603,4,High,43,65
Yes,Yes,NA,2,Very_High,35,36
No,No,4735,2,Very_High,38,90
No,Yes,4187,2,Medium,29,43
No,No,5505,2,Very_High,33,93
No,No,5470,2,Medium,32,45
No,No,5476,2,Very_High,31,67
No,Yes,2587,1,Low,49,74
No,No,2440,1,Medium,38,42
No,No,15972,4,Medium,47,47
No,No,15379,4,High,49,36
No,Yes,7082,3,High,41,80
No,No,2728,1,Low,20,54
No,Yes,5368,2,Very_High,33,36
No,No,5347,2,High,36,80
No,Yes,3195,1,Very_High,44,44
Yes,Yes,3989,1,High,23,93
No,No,3306,1,High,38,87
No,No,7005,3,Very_High,53,48
Yes,Yes,2655,1,High,48,95
Yes,No,1393,1,Medium,32,95
No,No,2570,1,Very_High,26,76
No,No,3537,1,Medium,55,94
No,No,3986,2,Very_High,34,57
No,No,10883,3,Very_High,60,92
No,No,2028,1,Medium,33,79
No,No,9525,2,Very_High,37,31
No,No,NA,1,Very_High,34,35
Yes,Yes,2275,1,Very_High,23,99
No,Yes,7879,3,Very_High,44,96
No,Yes,4930,1,Very_High,35,79
No,Yes,7847,2,Very_High,43,73
No,No,4401,1,High,24,62
No,No,9241,3,High,41,35
No,No,2974,1,High,29,43
No,No,4502,2,Very_High,36,51
No,No,10748,3,High,45,74
Yes,No,1555,1,High,24,58
Yes,No,12936,4,High,47,82
No,No,2305,1,High,26,62
No,No,16704,4,Medium,45,48
No,No,3433,1,High,32,56
No,No,3477,1,High,31,69
No,No,6430,2,Medium,41,60
No,Yes,6516,2,Low,40,92
No,No,3907,1,Low,24,91
No,No,5562,2,Medium,46,34
No,No,NA,2,High,35,49
No,No,2862,1,Very_High,30,33
No,No,4978,2,Medium,47,87
No,Yes,10368,3,Very_High,46,74
Yes,Yes,6134,2,Low,36,96
Yes,No,6735,2,Medium,32,34
No,No,NA,1,Medium,23,51
No,No,5238,2,Very_High,31,30
No,Yes,6472,2,Very_High,39,77
No,No,9610,3,High,32,80
No,No,19833,5,Medium,40,88
No,No,9756,3,High,45,56
No,No,4968,1,Low,30,78
No,No,NA,1,Very_High,24,59
Yes,No,2180,1,Very_High,30,66
No,No,8346,2,High,31,51
No,No,3445,1,Very_High,27,67
Yes,No,2760,1,Medium,29,52
No,Yes,6294,2,High,29,70
No,No,7140,3,Low,30,94
No,Yes,2932,1,Very_High,34,97
No,No,5147,2,Medium,33,62
No,No,4507,2,Very_High,49,80
Yes,Yes,8564,3,Low,33,74
No,No,2468,1,Medium,38,75
Yes,No,8161,3,High,31,70
No,No,2109,1,Low,29,91
No,No,5294,2,High,30,58
No,No,2718,1,Medium,32,65
No,Yes,5811,2,Very_High,38,60
Yes,Yes,2437,1,High,43,38
No,No,2766,1,Medium,42,57
No,No,19038,5,Low,55,60
No,No,3055,2,Medium,33,90
No,No,2289,1,Low,41,94
No,Yes,4001,2,High,34,87
No,Yes,12965,4,High,53,60
No,No,3539,1,Very_High,43,97
No,No,6029,2,Very_High,34,32
Yes,No,2679,1,Medium,21,31
No,No,3702,1,High,38,40
Yes,Yes,2398,1,Low,22,79
No,No,5468,2,Very_High,31,91
No,No,13116,3,High,51,53
No,No,4189,2,Medium,37,46
No,Yes,19328,5,Very_High,46,46
No,Yes,8321,3,Low,36,90
Yes,Yes,2342,1,Medium,44,99
No,No,4071,2,Medium,37,89
Yes,Yes,5813,2,Very_High,35,84
No,No,3143,1,Low,33,90
No,No,2044,1,Very_High,28,82
No,No,13464,3,High,39,65
No,No,7991,2,Medium,46,98
No,No,3377,1,Low,40,99
No,No,5538,2,Low,42,95
No,No,5762,2,Very_High,35,90
No,No,2592,1,Medium,38,100
Yes,No,5346,2,Low,34,93
Yes,No,4213,2,Low,37,58
No,No,4127,2,Very_High,39,83
No,No,2438,1,High,43,52
No,No,NA,2,Medium,41,85
No,Yes,10447,3,High,41,81
No,No,9667,3,High,30,64
Yes,Yes,2148,1,Medium,26,69
Yes,No,8926,2,Medium,46,66
No,No,6513,2,Very_High,40,52
No,No,6799,2,High,34,92
No,No,16291,4,Medium,58,52
No,No,2705,1,High,35,91
No,Yes,10333,3,Medium,47,92
No,No,4448,2,Low,40,47
No,No,6854,2,Very_High,54,68
No,No,9637,3,Low,31,68
No,No,3591,1,Low,28,67
No,Yes,5405,2,Very_High,38,77
No,No,4684,2,Very_High,26,46
No,Yes,15787,4,High,58,87
No,No,1514,1,High,18,33
Yes,No,2956,1,Low,31,89
Yes,Yes,2335,1,Low,29,56
No,No,5154,2,High,45,67
No,Yes,6962,2,Medium,36,73
No,No,5675,2,Very_High,43,92
No,Yes,2379,1,Very_High,27,53
No,No,3812,1,Very_High,29,40
No,No,4648,2,Very_High,32,79
No,No,2936,1,High,42,38
No,No,2105,1,High,47,64
No,No,8578,3,Very_High,46,82
No,No,2706,1,Very_High,28,43
No,No,6384,2,High,29,93
No,No,3968,1,High,42,81
Yes,Yes,9907,2,Medium,32,82
No,No,13225,4,Low,46,45
No,No,3540,2,High,27,36
No,No,2804,1,Medium,29,87
No,No,19392,5,High,43,81
No,No,19665,5,Medium,48,91
Yes,Yes,2439,1,Very_High,29,73
Yes,No,7314,3,Medium,46,64
No,No,4774,1,Low,27,77
No,No,3902,2,Very_High,39,41
No,No,2662,1,Very_High,55,98
No,No,2856,1,Medium,28,78
Yes,No,1081,1,Very_High,30,89
Yes,Yes,2472,1,Medium,22,75
No,Yes,5673,2,High,36,63
No,No,4197,2,High,31,89
No,Yes,9713,3,Very_High,34,64
No,No,2062,1,Low,29,59
No,Yes,4284,2,Low,37,78
No,Yes,4788,2,Medium,35,44
No,No,5906,2,Very_High,45,93
No,No,3886,2,Very_High,36,94
No,No,16823,4,Low,40,98
No,Yes,2933,1,High,26,90
No,No,6500,2,High,27,89
No,No,17174,4,Very_High,48,58
No,No,5033,2,Low,44,78
Yes,Yes,2307,1,Low,34,85
Yes,No,2587,1,Very_High,56,97
No,No,5507,2,Medium,36,33
No,No,4393,2,Medium,41,54
No,No,13348,3,Low,42,83
No,Yes,6583,2,Very_High,31,86
No,Yes,8103,2,Very_High,34,75
No,No,3978,1,High,31,62
No,No,2544,1,Very_High,26,61
No,No,5399,2,High,45,44
No,No,5487,2,High,33,43
No,Yes,6834,2,Very_High,28,42
Yes,No,1091,1,Low,29,45
No,No,5736,2,High,39,32
No,No,2226,1,Medium,27,41
No,Yes,NA,2,Very_High,34,86
Yes,Yes,9854,2,High,28,84
No,No,5467,2,Medium,47,64
No,No,5380,2,Low,56,89
No,No,5151,2,Low,39,87
No,Yes,2133,2,Medium,38,58
No,Yes,17875,4,Very_High,58,72
Yes,Yes,2432,1,High,32,47
No,No,4771,1,Very_High,38,71
No,No,19161,5,Very_High,49,42
No,Yes,5087,2,Very_High,42,77
Yes,No,2863,1,Medium,27,58
No,No,5561,2,Low,35,71
No,No,2144,1,High,28,49
No,Yes,3065,1,Low,31,48
No,No,2810,1,Medium,36,66
No,No,9888,3,Very_High,34,32
No,No,8628,3,High,34,39
No,No,2867,1,Low,26,95
No,No,5373,2,Low,29,89
No,No,NA,2,Very_High,32,34
No,No,5003,2,Low,31,48
Yes,No,2367,1,Very_High,28,32
No,No,2858,1,Low,38,59
No,Yes,5204,2,Very_High,35,55
No,No,4105,2,Very_High,27,44
No,No,9679,2,Very_High,32,56
Yes,Yes,5617,2,Very_High,31,63
Yes,Yes,10448,3,Low,53,66
No,No,2897,2,High,54,67
No,No,5968,2,High,33,36
No,No,7510,3,High,43,30
No,Yes,2991,1,Medium,38,88
No,Yes,19636,5,Medium,55,71
No,Yes,1129,1,Very_High,31,59
No,No,13341,4,Low,39,77
No,No,4332,2,High,42,37
No,No,11031,3,High,31,40
No,Yes,4440,2,Low,54,77
No,No,4617,2,High,24,45
No,No,2647,1,Very_High,23,78
No,No,6323,2,High,40,73
No,No,5677,2,Medium,40,92
No,No,2187,1,Medium,25,82
No,No,3748,1,Medium,30,76
No,Yes,3977,1,High,25,57
No,No,8633,3,High,47,84
No,No,2008,1,High,33,59
No,No,4440,2,Medium,38,86
No,No,3067,1,High,31,54
No,No,5321,2,High,38,72
No,Yes,5410,2,Low,42,35
No,No,2782,1,Very_High,41,76
No,No,11957,3,Medium,47,98
No,Yes,2660,1,High,35,43
No,No,3375,1,High,22,63
No,No,5098,2,High,35,48
No,Yes,4878,2,Very_High,33,95
No,No,2837,1,Medium,32,49
No,No,2406,1,Very_High,40,83
No,No,2269,1,Medium,32,68
No,No,4108,2,Very_High,39,52
No,No,13206,3,High,38,99
No,No,10422,3,Very_High,32,48
No,Yes,13744,3,Very_High,37,42
No,Yes,4907,2,High,25,85
No,No,3482,1,Very_High,52,40
No,Yes,2436,1,Very_High,44,42
No,Yes,2380,1,Low,21,58
No,No,19431,5,Very_High,39,87
Yes,No,1790,1,Low,23,33
No,No,7644,3,Very_High,36,94
No,No,5131,2,Medium,36,97
No,No,NA,2,High,56,57
Yes,Yes,4787,1,Very_High,29,36
No,No,18880,5,High,42,56
Yes,No,NA,1,High,56,72
No,No,13570,4,Medium,41,60
No,No,6712,2,High,34,95
No,No,5406,2,Very_High,36,88
No,No,8938,2,Medium,41,57
No,No,2439,1,Low,32,78
No,Yes,8837,3,Very_High,35,31
No,No,5343,2,Very_High,38,100
Yes,No,6728,2,High,50,94
No,No,NA,2,Very_High,36,100
No,No,4850,2,High,45,50
No,No,2809,1,High,40,52
No,Yes,5689,2,High,35,80
No,No,2001,1,High,40,98
No,No,2977,1,Very_High,35,62
No,Yes,4025,2,Medium,29,46
No,No,3785,1,Low,29,73
Yes,Yes,10854,3,Low,50,39
No,No,12031,4,Very_High,39,60
No,No,9936,2,Low,31,74
No,No,NA,1,High,26,30
No,No,2571,2,Very_High,36,41
No,No,9991,3,Low,39,42
No,Yes,6142,2,Medium,27,87
No,No,5390,2,Medium,49,63
No,No,4404,2,High,34,82
