sale_price,garage_area,neighborhood,ms_sub_class,total_bsmt_sf,bsmt_qual,central_air,tot_rms_abv_grd,fireplaces,fireplace_qu
105000,730,names,020,882,ta,y,5,0,no_fireplace
126000,525,names,020,882,ta,y,4,0,no_fireplace
115000,0,names,020,864,ta,y,5,1,po
127500,440,npkvill,120,1069,gd,y,4,1,fa
120000,308,npkvill,120,836,gd,y,4,0,no_fireplace
99500,264,sawyerw,120,918,gd,y,5,1,ta
125000,264,sawyerw,120,744,gd,y,4,0,no_fireplace
67500,429,sawyerw,030,816,ta,n,5,0,no_fireplace
112000,539,sawyer,090,0,no_bsmt,y,8,0,no_fireplace
127000,260,sawyer,020,1040,ta,y,6,0,no_fireplace
128950,0,names,020,950,ta,y,6,0,no_fireplace
84900,0,names,090,1728,ta,y,10,0,no_fireplace
116500,0,brkside,020,858,ta,y,4,0,no_fireplace
76500,0,brkside,030,728,ta,y,6,0,no_fireplace
128000,280,names,020,1056,ta,y,6,0,no_fireplace
108538,312,names,020,1206,ta,y,6,0,no_fireplace
122500,305,names,020,972,ta,y,5,0,no_fireplace
129000,308,names,020,936,ta,y,4,0,no_fireplace
107400,379,oldtown,050,840,fa,n,8,0,no_fireplace
119000,240,oldtown,045,827,gd,y,6,0,no_fireplace
100000,315,oldtown,050,1008,ta,y,6,0,no_fireplace
105900,484,oldtown,030,624,ta,y,5,0,no_fireplace
123900,624,brkside,050,528,ta,y,5,0,no_fireplace
109500,288,oldtown,030,1124,fa,y,5,1,gd
110000,516,idotrr,090,816,gd,n,5,0,no_fireplace
55000,0,idotrr,190,0,no_bsmt,n,7,0,no_fireplace
107500,180,clearcr,050,689,gd,n,6,0,no_fireplace
95000,231,swisu,050,600,fa,n,5,0,no_fireplace
93369,0,swisu,070,707,ta,n,7,0,no_fireplace
94000,0,sawyer,050,780,ta,n,6,0,no_fireplace
121500,528,sawyer,020,1392,gd,y,5,1,gd
125000,336,sawyer,020,912,ta,y,5,1,fa
85000,440,sawyer,030,660,fa,n,4,0,no_fireplace
83000,366,edwards,030,458,ta,n,5,0,no_fireplace
127000,209,edwards,050,756,ta,y,8,1,ta
114000,504,edwards,020,1250,ta,y,5,0,no_fireplace
84900,240,edwards,030,0,no_bsmt,n,5,0,no_fireplace
125200,352,edwards,080,1008,ta,y,5,1,fa
107000,672,edwards,080,1029,ta,y,6,1,ta
90000,0,edwards,020,960,ta,y,5,0,no_fireplace
80000,280,edwards,190,672,gd,n,5,0,no_fireplace
58500,200,edwards,030,864,ta,n,5,0,no_fireplace
127000,308,swisu,050,1026,ta,y,6,1,gd
126000,399,swisu,030,856,ta,y,4,1,gd
100000,0,swisu,050,894,ta,y,7,1,gd
82000,200,idotrr,030,480,ta,y,4,0,no_fireplace
68400,528,idotrr,050,698,ta,y,6,0,no_fireplace
102776,384,idotrr,050,859,ta,y,7,0,no_fireplace
55993,504,idotrr,020,540,ta,n,4,0,no_fireplace
83500,286,meadowv,160,546,ta,y,6,0,no_fireplace
85000,336,meadowv,160,536,gd,y,4,0,no_fireplace
76000,0,meadowv,160,546,ta,y,5,0,no_fireplace
75500,0,meadowv,180,630,gd,y,3,0,no_fireplace
88250,0,meadowv,160,546,ta,y,5,0,no_fireplace
85500,286,meadowv,160,546,ta,y,5,0,no_fireplace
124500,502,names,020,882,fa,y,5,0,no_fireplace
82500,544,nwames,020,1386,ta,y,6,1,ta
128000,477,names,020,1180,ta,y,6,0,no_fireplace
120500,660,names,020,864,ta,y,5,0,no_fireplace
124500,463,names,020,864,ta,y,5,0,no_fireplace
97000,576,names,020,864,ta,y,4,0,no_fireplace
111000,264,brdale,160,483,ta,y,5,0,no_fireplace
112000,280,brdale,160,630,ta,y,6,0,no_fireplace
97000,288,brdale,160,483,ta,y,5,0,no_fireplace
119500,264,brdale,160,630,ta,y,6,0,no_fireplace
123000,440,npkvill,120,1057,gd,y,4,1,fa
100000,288,names,020,892,ta,y,5,0,no_fireplace
122000,440,sawyer,020,864,ta,y,5,0,no_fireplace
62383,360,sawyer,020,864,ta,y,5,1,po
123000,252,sawyer,020,912,ta,y,6,0,no_fireplace
118000,308,names,020,864,ta,y,5,0,no_fireplace
124500,270,names,020,1041,ta,y,6,0,no_fireplace
82500,0,brkside,030,420,ta,y,5,0,no_fireplace
110000,352,brkside,050,709,ta,y,5,1,ta
128900,338,names,020,1050,ta,y,5,0,no_fireplace
124000,792,names,090,1584,ta,y,8,0,no_fireplace
104900,368,names,050,715,ta,y,7,1,gd
102900,616,names,020,0,no_bsmt,y,7,0,no_fireplace
109500,240,oldtown,030,768,ta,y,5,0,no_fireplace
78500,320,oldtown,030,630,ta,y,4,0,no_fireplace
92900,400,names,090,0,no_bsmt,n,6,0,no_fireplace
128500,900,names,050,795,ta,n,5,0,no_fireplace
128000,294,names,020,1041,ta,y,6,0,no_fireplace
109500,308,names,020,894,ta,n,5,0,no_fireplace
110000,440,oldtown,050,440,ta,y,5,0,no_fireplace
128900,162,oldtown,050,901,ta,y,6,0,no_fireplace
129000,0,oldtown,070,504,ta,y,7,0,no_fireplace
94550,0,oldtown,190,600,fa,n,8,0,no_fireplace
124500,400,oldtown,090,960,ta,y,10,0,no_fireplace
103000,0,oldtown,050,801,fa,n,6,0,no_fireplace
129500,308,oldtown,050,768,ta,y,6,0,no_fireplace
93000,256,oldtown,190,811,ta,y,7,0,no_fireplace
80000,288,oldtown,030,861,fa,y,5,0,no_fireplace
45000,308,oldtown,030,0,no_bsmt,n,4,0,no_fireplace
37900,0,oldtown,050,600,ta,n,6,0,no_fireplace
110000,240,oldtown,050,720,ta,y,5,0,no_fireplace
119000,280,oldtown,070,624,ta,y,5,1,gd
58500,0,oldtown,030,624,ta,y,5,1,gd
124900,456,oldtown,050,1088,ta,y,7,0,no_fireplace
121000,192,brkside,030,952,ta,n,4,1,gd
128000,240,brkside,050,672,ta,y,6,0,no_fireplace
117000,216,brkside,050,884,ta,y,5,1,fa
119000,180,brkside,045,884,ta,y,4,0,no_fireplace
105000,180,brkside,030,715,ta,y,5,0,no_fireplace
115000,264,brkside,030,960,ta,y,5,0,no_fireplace
103000,539,idotrr,030,780,ta,y,5,0,no_fireplace
97500,0,oldtown,190,1020,ta,n,9,0,no_fireplace
70000,0,idotrr,085,858,gd,y,5,0,no_fireplace
61000,0,edwards,030,683,fa,n,4,0,no_fireplace
82500,539,edwards,030,861,ta,y,4,0,no_fireplace
122000,498,edwards,020,0,no_bsmt,y,6,0,no_fireplace
84000,290,edwards,020,0,no_bsmt,n,5,0,no_fireplace
105000,280,edwards,050,560,ta,y,6,0,no_fireplace
118964,410,sawyerw,090,0,no_bsmt,y,8,0,no_fireplace
118858,400,sawyerw,090,0,no_bsmt,y,8,0,no_fireplace
113722,400,sawyerw,090,0,no_bsmt,y,8,0,no_fireplace
118000,0,edwards,020,698,ta,y,4,0,no_fireplace
85000,320,edwards,020,876,ta,y,5,0,no_fireplace
120000,195,edwards,020,1078,fa,y,6,0,no_fireplace
98000,240,edwards,050,0,no_bsmt,n,9,0,no_fireplace
99900,0,edwards,030,864,fa,y,4,0,no_fireplace
82000,528,edwards,020,0,no_bsmt,n,4,0,no_fireplace
119900,0,edwards,090,1678,ta,y,10,0,no_fireplace
122000,256,edwards,050,720,ta,y,6,2,gd
117000,660,edwards,050,984,ta,y,6,0,no_fireplace
60000,246,swisu,030,290,ta,n,3,0,no_fireplace
115000,452,blueste,160,516,ta,y,5,1,ta
121000,462,blueste,160,561,gd,y,5,1,ta
123000,576,idotrr,070,760,ta,n,11,0,no_fireplace
78000,189,idotrr,070,596,ta,n,6,0,no_fireplace
75000,200,idotrr,030,572,ta,n,4,0,no_fireplace
57625,280,idotrr,030,0,no_bsmt,n,4,0,no_fireplace
126000,539,mitchel,090,0,no_bsmt,y,8,0,no_fireplace
112000,0,mitchel,020,833,ta,y,5,0,no_fireplace
115000,495,gilbert,020,1632,ta,y,7,2,gd
111900,288,names,020,936,gd,y,4,0,no_fireplace
103400,264,brdale,160,483,ta,y,5,0,no_fireplace
100000,264,brdale,160,483,ta,y,5,0,no_fireplace
100500,352,brdale,160,483,ta,y,5,0,no_fireplace
106000,280,brdale,160,483,ta,y,5,0,no_fireplace
128000,384,sawyer,020,984,ta,y,5,1,ta
118000,205,brkside,190,991,ta,y,5,2,ta
87000,231,brkside,070,348,ta,y,5,0,no_fireplace
119000,288,names,050,1032,ta,y,6,0,no_fireplace
112900,312,names,020,1036,ta,y,5,0,no_fireplace
124000,336,names,020,1144,ta,y,6,0,no_fireplace
114000,288,oldtown,050,747,ta,y,5,0,no_fireplace
86900,308,oldtown,030,672,ta,y,4,0,no_fireplace
106250,0,oldtown,190,0,no_bsmt,n,7,0,no_fireplace
94000,576,names,020,876,fa,y,5,1,ta
98300,420,names,020,0,no_bsmt,y,7,0,no_fireplace
125900,299,names,020,1027,ta,y,6,0,no_fireplace
109500,350,names,020,825,ta,y,4,0,no_fireplace
73000,504,oldtown,030,680,fa,n,4,0,no_fireplace
122600,400,oldtown,050,780,ta,y,6,0,no_fireplace
64000,256,oldtown,030,672,fa,y,4,0,no_fireplace
119164,440,oldtown,050,801,ta,y,8,0,no_fireplace
122250,225,oldtown,050,936,ta,n,6,1,gd
120000,0,oldtown,030,931,ta,y,5,1,ta
95000,0,oldtown,050,684,fa,y,5,0,no_fireplace
107900,281,oldtown,020,901,ta,y,4,0,no_fireplace
65000,0,oldtown,020,448,fa,y,6,0,no_fireplace
98000,513,oldtown,070,624,ta,n,7,0,no_fireplace
114000,308,oldtown,050,346,ta,y,5,0,no_fireplace
129500,396,oldtown,075,735,gd,n,8,1,gd
129400,0,oldtown,070,572,fa,y,7,0,no_fireplace
116900,288,oldtown,050,572,ta,y,5,1,gd
55000,400,oldtown,070,723,fa,n,5,0,no_fireplace
97000,308,oldtown,020,0,no_bsmt,y,4,0,no_fireplace
115500,308,oldtown,020,869,ta,y,5,0,no_fireplace
108000,252,brkside,050,672,ta,y,8,0,no_fireplace
124000,240,brkside,050,672,ta,y,6,0,no_fireplace
106900,200,brkside,070,554,ta,y,6,0,no_fireplace
120000,208,brkside,050,862,ta,y,5,1,gd
115000,355,brkside,050,565,ta,y,6,1,gd
81300,164,brkside,030,0,no_bsmt,n,6,0,no_fireplace
127500,228,oldtown,050,796,gd,y,7,0,no_fireplace
127500,320,idotrr,030,1040,ta,y,5,0,no_fireplace
89500,0,idotrr,050,319,ta,y,6,0,no_fireplace
79900,0,oldtown,050,901,ta,y,7,0,no_fireplace
85000,576,idotrr,030,451,fa,y,5,0,no_fireplace
82375,0,idotrr,190,536,ta,n,8,0,no_fireplace
129500,384,sawyer,020,1040,ta,y,5,0,no_fireplace
95541,400,sawyer,190,1300,ta,y,6,0,no_fireplace
80000,0,sawyer,020,1006,ta,y,5,0,no_fireplace
107500,0,edwards,190,1117,gd,y,5,0,no_fireplace
125000,240,edwards,190,1164,ta,n,5,0,no_fireplace
110000,280,collgcr,020,924,gd,y,5,0,no_fireplace
127000,352,collgcr,020,864,ta,y,5,0,no_fireplace
124900,352,collgcr,020,780,ta,y,4,0,no_fireplace
82000,0,edwards,090,0,no_bsmt,n,6,0,no_fireplace
82000,0,edwards,090,0,no_bsmt,n,6,0,no_fireplace
118000,0,edwards,090,1440,ta,n,8,0,no_fireplace
82500,0,edwards,090,0,no_bsmt,n,6,0,no_fireplace
91900,0,edwards,190,784,ta,n,4,0,no_fireplace
120000,0,edwards,050,585,ta,y,5,0,no_fireplace
96000,0,edwards,050,0,no_bsmt,y,8,0,no_fireplace
100000,312,edwards,080,416,ex,y,6,0,no_fireplace
108000,205,edwards,030,949,ta,y,6,0,no_fireplace
98000,0,edwards,030,864,ta,n,5,0,no_fireplace
115000,240,swisu,050,1064,ta,y,6,0,no_fireplace
110000,225,crawfor,050,884,ta,y,6,0,no_fireplace
116500,462,blueste,160,516,gd,y,5,1,ta
120000,240,idotrr,050,720,fa,y,5,0,no_fireplace
120500,924,idotrr,030,740,ta,y,4,1,gd
119000,0,idotrr,050,780,gd,y,7,0,no_fireplace
126000,288,idotrr,080,624,gd,y,7,1,po
99500,360,idotrr,030,520,ta,y,5,0,no_fireplace
13100,487,idotrr,020,0,no_bsmt,n,4,0,no_fireplace
40000,250,idotrr,070,649,ta,n,6,0,no_fireplace
65000,216,idotrr,070,592,fa,y,5,0,no_fireplace
124000,499,meadowv,120,1040,gd,y,6,0,no_fireplace
81000,0,meadowv,180,630,gd,y,3,0,no_fireplace
128500,264,mitchel,020,816,ta,y,4,0,no_fireplace
119500,264,mitchel,020,876,ta,y,5,0,no_fireplace
103000,288,idotrr,070,686,ta,y,7,0,no_fireplace
110000,684,names,020,858,ta,y,4,0,no_fireplace
128000,270,names,020,914,ta,y,4,0,no_fireplace
113500,264,brdale,160,525,ta,y,6,0,no_fireplace
113000,264,brdale,160,672,ta,y,7,0,no_fireplace
122500,440,brdale,160,765,ta,y,6,0,no_fireplace
129250,360,names,020,988,ta,y,5,0,no_fireplace
128000,283,sawyerw,160,630,ta,y,5,2,ta
120750,308,sawyer,020,894,gd,y,5,0,no_fireplace
128500,572,sawyer,020,988,ta,y,5,0,no_fireplace
129000,431,sawyer,020,1037,fa,y,5,0,no_fireplace
127000,311,nwames,020,1052,ta,y,6,0,no_fireplace
126500,461,names,020,1065,ta,y,6,0,no_fireplace
101800,462,names,090,0,no_bsmt,y,6,0,no_fireplace
105000,240,names,050,768,ta,y,6,1,gd
114500,275,names,020,912,ta,y,5,0,no_fireplace
129000,596,names,060,1021,gd,y,7,1,po
128600,484,names,090,1560,ta,y,8,0,no_fireplace
109000,240,oldtown,050,735,ta,y,5,0,no_fireplace
128500,580,oldtown,050,1151,ta,y,6,0,no_fireplace
120000,240,names,020,920,ta,y,5,0,no_fireplace
128500,288,names,020,952,ta,y,5,0,no_fireplace
122900,576,names,050,672,ta,y,6,1,po
119200,240,names,020,1082,ta,y,5,1,gd
125500,294,names,020,864,ta,y,5,0,no_fireplace
127500,576,oldtown,050,845,ta,y,6,0,no_fireplace
89500,184,oldtown,030,1022,fa,n,4,1,gd
89471,672,oldtown,030,907,fa,y,7,0,no_fireplace
85000,252,oldtown,050,570,fa,n,6,0,no_fireplace
100000,480,oldtown,030,968,ta,y,5,0,no_fireplace
114000,480,oldtown,070,616,ta,y,6,0,no_fireplace
90000,560,oldtown,190,662,ta,n,10,0,no_fireplace
124500,336,oldtown,070,687,ta,y,6,1,gd
104500,331,oldtown,020,0,no_bsmt,y,5,0,no_fireplace
128000,217,brkside,070,600,ta,y,6,2,ta
127500,560,brkside,050,884,ta,y,6,1,gd
90000,576,brkside,050,750,fa,y,7,0,no_fireplace
117000,216,oldtown,050,969,ta,n,6,0,no_fireplace
127000,0,idotrr,070,684,ta,y,7,0,no_fireplace
101000,288,idotrr,075,530,ta,n,6,0,no_fireplace
50000,264,idotrr,050,771,ta,y,6,0,no_fireplace
126000,240,edwards,050,756,ta,n,7,0,no_fireplace
115400,440,sawyer,020,1005,ta,y,5,0,no_fireplace
118500,261,sawyer,020,1029,ta,y,5,0,no_fireplace
123000,264,sawyer,020,1040,ta,y,6,0,no_fireplace
125000,384,sawyer,020,894,ta,y,5,0,no_fireplace
108000,300,sawyer,020,948,ta,y,6,0,no_fireplace
119900,576,sawyer,190,768,gd,y,6,0,no_fireplace
115000,264,sawyer,020,876,ta,y,5,0,no_fireplace
127000,386,sawyer,020,955,ta,y,6,0,no_fireplace
129000,450,sawyer,020,894,gd,y,5,1,po
89500,460,sawyer,020,0,no_bsmt,n,5,0,no_fireplace
109900,336,edwards,020,484,ta,n,4,0,no_fireplace
118000,399,swisu,020,864,ta,y,6,0,no_fireplace
86000,0,edwards,030,528,ta,y,5,0,no_fireplace
125000,256,edwards,020,1342,fa,y,7,0,no_fireplace
123600,0,collgcr,020,990,gd,y,5,0,no_fireplace
127000,576,collgcr,020,864,ta,y,5,0,no_fireplace
118500,384,edwards,085,936,gd,y,4,1,fa
110000,520,edwards,020,1088,ta,y,4,0,no_fireplace
122000,576,edwards,050,901,ta,y,7,1,gd
110000,622,edwards,020,1179,ta,y,5,0,no_fireplace
98500,0,edwards,090,1195,ta,n,8,0,no_fireplace
79000,0,edwards,030,544,ta,y,6,0,no_fireplace
125000,355,edwards,020,768,ta,y,4,1,fa
119000,280,edwards,020,948,ta,y,5,1,ta
96500,200,crawfor,045,768,ta,n,5,0,no_fireplace
90350,352,crawfor,030,440,ta,n,4,1,gd
119750,240,crawfor,030,920,fa,y,5,1,gd
115000,0,idotrr,050,793,ta,n,7,0,no_fireplace
67000,338,idotrr,030,961,fa,y,6,0,no_fireplace
119600,0,idotrr,190,957,ta,n,9,0,no_fireplace
85500,253,meadowv,160,546,ta,y,5,0,no_fireplace
75000,286,meadowv,160,546,ta,y,6,0,no_fireplace
129500,360,mitchel,020,845,ta,y,4,0,no_fireplace
124500,264,mitchel,020,816,ta,y,5,0,no_fireplace
116050,280,names,020,864,ta,y,5,0,no_fireplace
97500,576,names,020,864,ta,y,5,0,no_fireplace
105500,440,brdale,160,525,ta,y,6,0,no_fireplace
125500,440,brdale,160,765,ta,y,7,1,fa
116000,264,brdale,160,494,ta,y,6,0,no_fireplace
89000,264,brdale,160,483,ta,y,5,0,no_fireplace
123000,288,names,085,864,ta,y,6,1,po
107000,384,sawyerw,020,1056,ta,y,5,0,no_fireplace
119900,300,sawyerw,020,828,ta,y,6,0,no_fireplace
129500,624,sawyer,020,988,ta,y,6,0,no_fireplace
125000,504,sawyer,090,1728,ta,y,10,0,no_fireplace
116000,294,sawyer,020,882,ta,y,5,0,no_fireplace
129200,288,sawyer,020,912,ta,y,6,1,po
124400,264,names,020,1051,ta,y,6,0,no_fireplace
79900,528,brkside,030,600,fa,y,5,0,no_fireplace
127000,576,brkside,050,504,fa,y,5,0,no_fireplace
127000,684,names,080,301,gd,y,6,0,no_fireplace
112000,398,oldtown,050,617,fa,y,6,0,no_fireplace
117000,326,oldtown,020,833,ta,y,4,0,no_fireplace
108480,326,oldtown,030,1073,ta,y,4,0,no_fireplace
68000,660,names,030,715,ta,n,4,0,no_fireplace
86900,280,oldtown,050,448,fa,y,5,0,no_fireplace
105000,936,oldtown,050,672,ta,y,6,0,no_fireplace
115000,288,names,020,912,ta,y,5,0,no_fireplace
109500,625,names,020,0,no_bsmt,y,5,0,no_fireplace
81400,400,names,090,0,no_bsmt,n,6,0,no_fireplace
119000,0,names,090,1556,ta,y,8,0,no_fireplace
105000,336,names,020,864,ta,y,5,0,no_fireplace
124000,0,names,190,1025,ta,y,6,0,no_fireplace
107000,210,oldtown,070,686,ta,n,8,0,no_fireplace
111500,162,oldtown,050,1147,ta,n,9,1,ta
108000,280,oldtown,030,1032,ta,n,5,0,no_fireplace
105000,528,oldtown,020,576,ta,y,5,0,no_fireplace
116000,440,oldtown,050,648,fa,y,6,0,no_fireplace
96900,216,oldtown,070,738,ta,y,7,0,no_fireplace
64000,250,oldtown,030,798,ta,y,5,0,no_fireplace
79000,352,oldtown,050,540,ta,n,6,0,no_fireplace
114504,216,oldtown,070,684,ta,n,7,0,no_fireplace
125000,624,oldtown,020,960,ta,y,5,0,no_fireplace
100000,0,brkside,030,788,ta,y,4,2,ta
114500,528,brkside,050,816,ta,y,6,1,gd
110000,180,brkside,050,741,ta,y,7,0,no_fireplace
110500,440,oldtown,030,1103,ta,y,5,1,gd
113000,280,brkside,045,993,ta,y,5,1,gd
117000,255,oldtown,050,485,ta,y,5,0,no_fireplace
116500,390,idotrr,070,396,fa,y,7,0,no_fireplace
72000,0,idotrr,030,610,ta,n,4,0,no_fireplace
119500,198,idotrr,050,780,ta,y,7,1,gd
91000,210,idotrr,030,1007,ta,n,6,1,gd
125000,260,edwards,030,0,no_bsmt,n,6,1,ta
80000,180,swisu,030,830,ta,y,4,0,no_fireplace
128000,215,edwards,050,799,ta,n,6,2,ta
123500,308,edwards,020,980,ex,y,6,0,no_fireplace
128500,300,collgcr,020,971,gd,y,5,1,po
119900,297,collgcr,020,864,ta,y,5,0,no_fireplace
98000,528,edwards,070,676,gd,y,6,0,no_fireplace
102000,396,edwards,020,836,fa,y,6,0,no_fireplace
117250,0,edwards,020,914,gd,y,4,0,no_fireplace
97900,265,edwards,050,624,fa,y,5,0,no_fireplace
92000,528,edwards,050,832,fa,y,7,0,no_fireplace
107000,288,edwards,050,1093,ta,n,9,0,no_fireplace
81000,0,edwards,050,658,ta,y,8,0,no_fireplace
125000,609,edwards,020,954,ta,y,6,1,gd
116000,280,edwards,050,686,ta,y,7,0,no_fireplace
83000,0,edwards,050,864,ta,n,8,1,gd
128000,440,swisu,190,780,ta,n,6,0,no_fireplace
112000,240,swisu,050,824,fa,n,6,0,no_fireplace
102000,215,idotrr,030,976,ta,n,5,0,no_fireplace
72000,0,idotrr,030,432,fa,n,4,0,no_fireplace
115000,0,idotrr,190,660,ta,n,8,0,no_fireplace
78000,0,idotrr,050,216,fa,n,6,0,no_fireplace
81500,270,mitchel,020,0,no_bsmt,y,6,0,no_fireplace
127000,336,meadowv,160,757,ta,y,6,1,ta
126500,288,mitchel,020,864,ta,y,5,0,no_fireplace
79400,253,meadowv,160,546,ta,y,5,0,no_fireplace
92000,0,meadowv,180,630,gd,y,3,0,no_fireplace
90500,0,meadowv,160,546,ta,y,5,0,no_fireplace
71000,286,meadowv,160,546,ta,y,6,0,no_fireplace
141000,400,gilbert,020,864,ta,y,4,0,no_fireplace
149000,480,names,020,1004,ta,y,5,1,ta
149900,440,npkvill,160,855,ta,y,6,1,ta
146000,440,npkvill,160,855,gd,y,7,1,ta
160000,437,blmngtn,120,1145,gd,y,6,0,no_fireplace
143000,264,sawyerw,120,923,gd,y,5,1,ta
152000,480,sawyerw,020,1040,gd,y,6,0,no_fireplace
148000,576,sawyer,085,1109,ta,y,6,0,no_fireplace
138500,336,sawyer,020,894,ta,y,5,1,gd
151000,480,somerst,160,600,gd,y,4,0,no_fireplace
155000,484,greens,120,728,gd,y,3,1,ta
142250,490,names,020,1232,ta,y,6,0,no_fireplace
143000,528,nwames,020,1328,ta,y,6,2,gd
159000,504,names,020,1209,gd,y,6,0,no_fireplace
136300,480,names,080,533,ta,y,8,0,no_fireplace
132000,244,names,020,1268,ta,y,7,1,gd
154300,480,names,090,1105,ta,y,12,0,no_fireplace
145000,294,names,020,1314,ta,y,5,0,no_fireplace
148000,312,names,020,1194,ta,y,6,0,no_fireplace
142000,531,names,020,1188,ta,y,6,0,no_fireplace
159500,440,names,020,1244,ta,y,6,2,gd
135000,318,names,020,864,ta,y,4,0,no_fireplace
144900,490,names,020,1086,ta,y,6,0,no_fireplace
144000,576,oldtown,090,1056,ta,y,4,0,no_fireplace
132000,280,names,050,816,ta,y,5,0,no_fireplace
154000,305,names,020,1246,ta,y,6,0,no_fireplace
134800,576,names,020,900,ta,y,5,0,no_fireplace
148000,484,names,020,1175,ta,y,6,0,no_fireplace
143000,551,oldtown,020,1347,ta,y,6,0,no_fireplace
139000,416,oldtown,050,686,fa,y,7,0,no_fireplace
149700,923,oldtown,020,912,ta,y,6,0,no_fireplace
140750,624,oldtown,070,738,fa,y,6,0,no_fireplace
149500,572,oldtown,050,888,ta,y,9,1,ta
159900,0,oldtown,070,780,ta,y,7,0,no_fireplace
154000,270,sawyer,020,1060,ta,y,6,1,ta
158000,299,sawyer,060,663,ta,y,7,0,no_fireplace
158900,440,sawyer,060,672,ta,y,6,1,ta
147000,564,sawyerw,085,936,gd,y,5,0,no_fireplace
150000,308,collgcr,020,1026,gd,y,5,0,no_fireplace
155891,319,edwards,020,381,fa,y,6,0,no_fireplace
144000,336,edwards,020,1196,gd,y,6,0,no_fireplace
140000,440,edwards,020,1121,gd,y,5,0,no_fireplace
144500,364,edwards,020,1216,ta,y,7,1,gd
160000,572,timber,020,747,ta,y,7,2,ta
139000,0,mitchel,090,912,ta,y,8,0,no_fireplace
159000,616,mitchel,090,1216,ta,y,10,0,no_fireplace
136000,576,mitchel,060,624,gd,y,6,0,no_fireplace
157000,528,names,020,1434,ta,y,7,1,gd
157000,478,nwames,020,1271,gd,y,7,1,ta
136000,0,names,090,896,gd,y,8,0,no_fireplace
143000,336,names,020,1043,gd,y,6,0,no_fireplace
146000,440,npkvill,160,804,gd,y,7,1,ta
137900,440,npkvill,160,855,gd,y,6,1,ta
147000,440,npkvill,160,804,gd,y,7,1,ta
148800,656,names,020,864,ta,y,5,1,ta
156000,400,gilbert,080,384,gd,y,7,1,ta
159000,576,sawyerw,020,1114,gd,y,6,0,no_fireplace
142000,0,sawyerw,020,1114,gd,y,6,0,no_fireplace
145000,542,sawyerw,120,1332,gd,y,5,0,no_fireplace
160000,612,sawyerw,090,0,no_bsmt,y,8,2,ta
135000,484,sawyer,020,980,ta,y,6,0,no_fireplace
141000,732,sawyer,020,864,ta,y,5,0,no_fireplace
154000,441,nwames,060,727,ta,y,8,0,no_fireplace
130000,312,names,020,864,ta,y,5,0,no_fireplace
140000,768,names,020,1040,ta,y,6,1,gd
153000,610,names,020,1313,ta,y,6,1,ta
158000,645,names,080,1127,ta,y,7,1,fa
140000,271,names,050,856,ta,y,6,0,no_fireplace
139000,338,names,020,1240,ta,y,6,1,gd
155000,297,names,020,1215,ta,y,6,0,no_fireplace
144000,294,names,020,1200,ta,y,6,2,gd
153000,498,names,020,1297,ta,y,5,1,ta
131000,297,names,020,1062,ta,y,6,0,no_fireplace
129900,246,names,020,1200,ta,y,6,0,no_fireplace
135000,180,oldtown,050,660,fa,y,8,0,no_fireplace
142900,528,oldtown,050,1313,ta,y,8,1,ta
154000,364,names,020,1380,ta,y,6,0,no_fireplace
143500,480,names,020,951,ta,y,6,0,no_fireplace
153000,756,names,020,992,ta,y,5,0,no_fireplace
157500,498,names,020,1478,ta,y,6,2,gd
133000,288,names,040,832,ta,y,6,1,gd
139000,294,names,020,1029,ta,y,6,0,no_fireplace
138000,288,names,080,528,gd,y,6,0,no_fireplace
135000,576,names,050,864,ta,y,6,0,no_fireplace
144750,483,names,060,780,ta,y,8,0,no_fireplace
130000,472,oldtown,050,240,ta,y,6,0,no_fireplace
150000,400,oldtown,070,690,ta,y,7,1,gd
160000,357,oldtown,070,917,fa,y,8,0,no_fireplace
146500,640,oldtown,070,741,ta,y,8,0,no_fireplace
149000,216,brkside,030,1022,ta,n,6,1,gd
137000,336,brkside,070,297,ta,y,7,1,gd
132500,280,brkside,050,780,ta,y,6,1,gd
141500,576,brkside,050,927,ta,y,5,0,no_fireplace
133000,240,brkside,050,884,ta,y,6,0,no_fireplace
150000,250,brkside,050,952,ta,y,6,1,gd
155000,576,oldtown,070,1048,ta,y,8,0,no_fireplace
139000,480,sawyer,020,1121,ta,y,5,0,no_fireplace
149900,504,sawyer,085,456,gd,y,5,1,fa
139000,288,sawyer,020,1092,ta,y,6,1,po
135000,284,edwards,020,1134,ta,y,6,0,no_fireplace
139600,452,edwards,020,0,no_bsmt,y,8,1,gd
139500,266,edwards,120,1049,gd,y,5,0,no_fireplace
156500,576,sawyerw,080,520,gd,y,5,1,po
131000,576,sawyerw,070,0,no_bsmt,y,7,1,ta
153337,528,sawyerw,090,1086,gd,y,6,2,ta
147983,720,sawyerw,090,0,no_bsmt,y,8,0,no_fireplace
142953,528,sawyerw,090,0,no_bsmt,y,12,0,no_fireplace
152000,576,collgcr,020,1040,gd,y,6,0,no_fireplace
138000,480,collgcr,020,990,gd,y,5,0,no_fireplace
150500,484,collgcr,020,1040,gd,y,5,0,no_fireplace
136500,336,collgcr,020,864,ta,y,6,0,no_fireplace
133000,396,collgcr,085,768,gd,y,5,0,no_fireplace
140000,420,collgcr,120,848,gd,y,4,0,no_fireplace
145500,525,edwards,180,547,gd,y,5,0,no_fireplace
137450,216,swisu,050,976,ta,y,7,1,gd
145000,216,swisu,050,861,ta,y,6,1,gd
158000,295,crawfor,050,1067,ta,n,7,1,ta
158500,300,crawfor,020,1092,ta,y,6,1,gd
137000,462,blueste,160,561,gd,y,5,1,ta
147000,468,idotrr,070,672,ta,y,6,0,no_fireplace
139500,384,mitchel,020,1008,ta,y,6,0,no_fireplace
160000,504,mitchel,020,1188,ta,y,7,1,po
131900,336,mitchel,085,796,gd,y,4,0,no_fireplace
130000,440,mitchel,060,624,gd,y,6,0,no_fireplace
133000,738,gilbert,020,1488,ta,y,6,1,ta
157000,439,nwames,020,1176,gd,y,5,1,fa
133000,480,names,090,896,gd,y,8,0,no_fireplace
151000,460,names,020,1054,gd,y,6,0,no_fireplace
140000,440,npkvill,120,1069,gd,y,4,0,no_fireplace
155000,474,nridght,160,764,gd,y,6,0,no_fireplace
154000,474,nridght,160,764,gd,y,6,0,no_fireplace
159895,388,blmngtn,020,1266,gd,y,6,1,gd
141000,0,sawyerw,020,1080,gd,y,6,0,no_fireplace
155000,576,sawyerw,020,1114,gd,y,6,0,no_fireplace
153900,530,sawyerw,120,1199,gd,y,5,0,no_fireplace
144000,352,sawyer,020,912,ta,y,4,0,no_fireplace
135000,420,sawyer,020,864,ta,y,5,1,ta
140000,490,sawyer,050,1001,gd,y,5,1,gd
146000,540,somerst,160,689,gd,y,5,0,no_fireplace
150000,864,veenker,060,994,gd,y,9,1,gd
145000,528,nwames,020,1258,ta,y,5,0,no_fireplace
140500,484,nwames,090,1625,ta,y,8,0,no_fireplace
135000,576,names,020,912,ta,y,5,0,no_fireplace
142600,576,names,090,1728,ta,y,10,0,no_fireplace
135000,506,nwames,090,1656,ta,y,8,0,no_fireplace
155000,525,names,020,1120,ta,y,6,0,no_fireplace
145000,504,names,020,1092,gd,y,6,0,no_fireplace
140000,451,names,020,1114,ta,y,5,0,no_fireplace
153000,264,names,020,1118,ta,y,6,0,no_fireplace
141500,450,names,020,1296,ta,y,6,0,no_fireplace
141500,264,names,020,572,ta,y,7,1,gd
136500,292,names,020,1176,ta,y,6,2,gd
133000,384,names,020,1104,ta,y,5,0,no_fireplace
130000,400,names,020,984,ta,n,5,0,no_fireplace
139000,1488,oldtown,050,892,ta,y,7,1,gd
139000,372,names,020,912,ta,y,5,1,fa
159000,311,names,020,1256,ta,y,6,0,no_fireplace
130000,0,names,090,1800,ta,n,10,0,no_fireplace
140000,483,names,060,780,ta,y,8,1,ta
143000,308,oldtown,020,192,ta,n,7,0,no_fireplace
157500,686,oldtown,070,650,ta,y,8,1,po
139500,308,oldtown,075,728,ta,y,7,0,no_fireplace
147000,528,oldtown,020,924,ta,y,6,0,no_fireplace
140000,869,oldtown,050,904,ta,y,5,1,po
153000,240,brkside,050,1024,ta,y,6,1,gd
150000,400,brkside,050,989,ta,y,7,1,gd
145000,240,brkside,050,883,ta,y,8,0,no_fireplace
130000,275,brkside,030,816,ta,y,5,0,no_fireplace
160000,360,oldtown,060,1242,ta,y,8,0,no_fireplace
134000,322,sawyer,020,952,ta,y,5,1,ta
148000,440,sawyer,085,981,gd,y,6,0,no_fireplace
157500,484,sawyer,080,1008,ta,y,6,1,fa
130000,450,sawyer,020,894,ta,y,5,0,no_fireplace
153000,504,sawyer,085,450,gd,y,6,1,po
152000,506,sawyer,085,1060,gd,y,5,0,no_fireplace
144900,300,sawyer,020,960,ta,y,6,0,no_fireplace
159900,322,edwards,020,1509,ta,y,6,1,ta
134500,280,edwards,060,621,ta,y,7,0,no_fireplace
145000,672,collgcr,020,990,gd,y,5,0,no_fireplace
130250,308,collgcr,020,938,gd,y,5,0,no_fireplace
147000,576,collgcr,080,940,gd,y,5,0,no_fireplace
143195,576,collgcr,020,1076,ta,y,5,1,fa
136500,420,collgcr,120,848,gd,y,3,0,no_fireplace
141000,420,collgcr,120,848,gd,y,3,1,ta
149000,420,collgcr,120,848,gd,y,3,1,gd
147500,276,edwards,020,1256,ta,y,6,0,no_fireplace
135000,480,edwards,020,1127,ta,y,6,1,po
160000,1418,edwards,060,6110,ex,y,12,3,gd
148000,525,edwards,180,547,gd,y,5,0,no_fireplace
130500,240,edwards,050,768,ta,y,6,0,no_fireplace
135000,548,edwards,050,941,ta,y,7,0,no_fireplace
135500,300,edwards,050,816,ta,y,8,0,no_fireplace
140000,400,swisu,070,672,ta,n,7,0,no_fireplace
136500,576,swisu,050,1181,ta,y,7,1,gd
149000,270,crawfor,070,776,gd,y,6,1,gd
150000,438,timber,020,1495,gd,y,8,1,ta
134500,264,mitchel,020,845,ta,y,6,0,no_fireplace
160000,423,mitchel,050,983,gd,y,7,0,no_fireplace
160000,420,gilbert,020,1168,gd,y,6,0,no_fireplace
155000,828,gilbert,190,1100,gd,y,7,0,no_fireplace
148000,564,nwames,080,1032,gd,y,6,1,ta
151500,495,nwames,020,1153,gd,y,6,0,no_fireplace
139000,288,names,080,372,ta,y,5,0,no_fireplace
155000,576,names,020,925,ta,y,7,0,no_fireplace
133000,367,names,120,723,gd,y,4,0,no_fireplace
155000,511,names,120,1337,gd,y,5,1,ta
155000,440,npkvill,160,804,gd,y,7,1,ta
156932,432,gilbert,060,616,gd,y,6,1,gd
147000,895,somerst,020,1795,ex,y,7,1,gd
144000,504,sawyerw,085,840,gd,y,5,0,no_fireplace
132500,264,sawyer,020,999,ta,y,6,0,no_fireplace
143900,349,sawyer,020,1140,ta,y,8,1,ta
147000,542,sawyer,020,1044,gd,y,5,1,ta
143000,318,names,020,1214,ta,y,5,1,fa
144000,484,names,020,1024,ta,y,6,1,ta
147000,286,names,020,1130,ta,y,7,1,ta
150750,624,names,020,1063,ta,y,7,0,no_fireplace
138500,512,names,045,822,ta,y,4,0,no_fireplace
144000,288,names,020,1078,ta,y,6,0,no_fireplace
146500,312,names,070,728,ta,y,7,2,gd
158500,525,names,080,1218,ta,y,6,1,gd
144000,315,names,050,874,ta,y,7,0,no_fireplace
135000,286,names,020,1048,ta,y,6,0,no_fireplace
130000,310,names,020,1204,ta,y,7,1,ta
142000,336,names,020,864,ta,y,6,0,no_fireplace
148000,0,oldtown,070,736,gd,y,6,0,no_fireplace
135000,254,names,020,1010,ta,y,6,0,no_fireplace
156500,351,names,020,1377,ta,y,6,2,ta
130000,288,names,085,896,ta,y,6,1,po
135000,576,oldtown,050,680,ta,y,6,1,gd
145000,374,oldtown,070,728,ta,y,9,1,gd
144100,468,oldtown,050,926,gd,y,6,0,no_fireplace
133900,506,oldtown,190,1214,ta,n,9,1,gd
135000,224,brkside,050,728,ta,y,6,0,no_fireplace
132000,280,brkside,050,672,ta,y,7,0,no_fireplace
131750,230,brkside,050,966,ta,y,6,1,gd
153575,384,brkside,070,698,ta,y,7,0,no_fireplace
141000,544,idotrr,050,780,ta,y,6,1,gd
134500,528,sawyer,020,943,ta,y,5,0,no_fireplace
143500,528,sawyer,020,660,ta,y,7,1,ta
130000,649,edwards,020,1073,ta,y,6,1,ta
154000,332,edwards,050,988,ta,y,6,0,no_fireplace
150000,0,edwards,090,1440,gd,y,8,0,no_fireplace
136500,253,edwards,050,1080,ta,n,7,1,gd
146000,384,collgcr,020,990,gd,y,5,0,no_fireplace
160000,576,collgcr,080,995,ta,y,6,1,fa
134900,748,collgcr,020,1040,gd,y,5,0,no_fireplace
131500,420,collgcr,120,848,gd,y,3,0,no_fireplace
148000,504,edwards,020,1143,ta,y,6,1,fa
141000,579,edwards,090,0,no_bsmt,y,11,0,no_fireplace
140000,525,edwards,180,547,gd,y,5,0,no_fireplace
131750,392,edwards,020,960,ta,y,4,0,no_fireplace
150000,0,swisu,090,1296,ta,n,12,0,no_fireplace
136500,352,crawfor,030,1290,ta,y,6,0,no_fireplace
146500,240,crawfor,050,651,ta,y,8,1,gd
141500,228,crawfor,070,585,ta,n,7,1,gd
139000,552,crawfor,050,661,ta,y,8,1,gd
145000,492,crawfor,090,979,gd,n,8,0,no_fireplace
153500,400,crawfor,020,0,no_bsmt,y,7,1,gd
141000,720,idotrr,050,720,ta,y,6,0,no_fireplace
150909,NA,idotrr,070,859,gd,y,6,0,no_fireplace
152000,282,idotrr,050,910,ta,y,6,0,no_fireplace
140000,720,idotrr,020,1073,ta,y,6,0,no_fireplace
134000,484,mitchel,020,1084,ta,y,5,0,no_fireplace
147000,0,mitchel,020,1120,gd,y,6,0,no_fireplace
132250,648,mitchel,020,1064,ta,y,5,0,no_fireplace
129900,572,meadowv,120,1040,gd,y,6,1,ta
134000,528,meadowv,120,1142,gd,y,6,1,po
153500,678,mitchel,085,923,gd,y,4,1,fa
135000,502,mitchel,020,1090,gd,y,6,0,no_fireplace
139000,264,mitchel,020,816,gd,y,4,0,no_fireplace
149900,452,names,020,1178,ta,y,5,0,no_fireplace
157500,313,names,020,1008,ta,y,5,2,ta
145000,572,gilbert,190,1056,ta,n,5,0,no_fireplace
153500,495,nwames,020,1056,gd,y,6,0,no_fireplace
155000,462,nwames,020,1103,ta,y,6,0,no_fireplace
138800,299,names,020,1096,ta,y,6,0,no_fireplace
137500,319,npkvill,120,1055,ta,y,4,0,no_fireplace
144000,460,npkvill,160,855,gd,y,6,1,ta
139500,0,sawyerw,020,1142,ta,y,5,0,no_fireplace
132000,0,sawyerw,020,1131,gd,y,6,0,no_fireplace
151000,484,sawyerw,120,1217,gd,y,5,0,no_fireplace
150000,472,sawyerw,060,636,gd,y,6,0,no_fireplace
133500,484,sawyer,020,925,ta,y,5,0,no_fireplace
137000,288,sawyer,020,935,ta,y,5,0,no_fireplace
135000,288,sawyer,020,912,ta,y,6,1,ta
151000,480,somerst,160,600,gd,y,4,0,no_fireplace
147400,480,somerst,160,600,gd,y,4,0,no_fireplace
144152,480,somerst,160,600,gd,y,4,0,no_fireplace
140000,528,nwames,020,1164,ta,y,6,0,no_fireplace
155000,530,names,060,900,gd,y,7,0,no_fireplace
157500,504,names,020,976,ta,y,4,1,fa
138500,288,names,020,1052,ta,y,5,0,no_fireplace
158000,568,names,080,1141,ta,y,6,0,no_fireplace
146000,884,names,020,864,ta,y,6,0,no_fireplace
145000,588,names,090,1626,ta,y,8,0,no_fireplace
157500,480,names,060,720,ta,y,7,1,po
140000,264,names,190,588,ta,y,6,0,no_fireplace
150000,750,names,020,1008,ta,y,6,0,no_fireplace
151500,286,names,020,1248,ta,y,6,0,no_fireplace
129800,240,names,030,816,ta,y,4,1,fa
137000,275,names,020,1008,ta,y,4,1,gd
137000,273,names,020,938,ta,y,5,1,gd
146500,240,names,020,1444,ta,y,6,1,gd
135000,280,names,020,1056,ta,y,7,0,no_fireplace
133000,240,names,050,806,ta,y,5,2,ta
137000,234,names,060,704,ta,y,7,1,gd
132500,540,names,090,1106,ta,y,6,0,no_fireplace
143000,796,names,080,1144,ta,y,6,1,ta
141000,299,names,020,1092,ta,y,6,1,ta
153000,353,names,020,1124,ta,y,6,1,ta
135960,600,names,090,943,gd,y,4,2,ta
140000,451,names,020,1367,ta,y,5,1,ta
139500,280,names,020,1008,ta,y,4,0,no_fireplace
155000,400,names,020,216,ta,y,5,1,gd
133500,319,names,020,1005,ta,y,6,1,ta
142000,270,names,020,884,ta,y,4,0,no_fireplace
155500,528,oldtown,070,663,ta,y,7,1,gd
160000,440,names,020,1088,ta,y,6,1,ta
159950,484,names,080,1024,ta,y,6,1,gd
147000,264,names,020,1135,ta,y,6,0,no_fireplace
159500,539,names,020,655,ta,y,6,1,fa
129900,308,names,020,816,ta,y,5,0,no_fireplace
157500,484,names,020,0,no_bsmt,y,5,1,gd
147500,597,names,050,910,ta,y,6,0,no_fireplace
135000,0,names,050,720,ta,n,6,0,no_fireplace
146000,288,names,020,1150,ta,y,6,0,no_fireplace
134500,300,names,085,925,ta,y,6,0,no_fireplace
135000,240,oldtown,050,1212,ta,y,6,0,no_fireplace
139900,576,oldtown,070,712,ta,y,7,0,no_fireplace
135500,576,oldtown,190,960,ta,y,5,0,no_fireplace
139000,450,oldtown,050,816,ta,y,7,0,no_fireplace
137000,440,oldtown,190,1020,fa,n,9,0,no_fireplace
155000,432,oldtown,075,1226,ta,y,9,0,no_fireplace
144000,225,oldtown,075,815,ta,y,7,1,gd
157000,576,oldtown,070,596,fa,y,8,0,no_fireplace
140200,312,brkside,050,972,ta,y,6,1,gd
159000,420,brkside,050,1004,ta,y,7,2,gd
149000,225,brkside,050,1042,ta,y,8,1,gd
137500,288,sawyer,050,806,ta,y,7,1,ta
150000,576,sawyer,090,1921,ta,y,8,0,no_fireplace
130000,288,clearcr,080,1062,ta,y,6,0,no_fireplace
157000,246,swisu,020,1073,gd,y,4,0,no_fireplace
148000,459,sawyer,020,1051,ta,y,6,1,po
149500,440,sawyer,060,672,ta,y,6,1,ta
157000,586,sawyer,090,1949,ta,y,10,0,no_fireplace
155000,484,sawyer,020,1134,ta,y,8,1,ta
145000,364,sawyer,080,648,ta,y,3,0,no_fireplace
130000,576,sawyer,085,782,gd,y,4,0,no_fireplace
146000,504,edwards,020,967,ta,y,6,1,gd
136900,325,edwards,050,994,ta,y,7,0,no_fireplace
137000,484,landmrk,160,630,gd,y,5,0,no_fireplace
149900,528,edwards,020,1466,ta,y,6,2,gd
142500,525,edwards,180,547,gd,y,5,0,no_fireplace
137500,380,edwards,160,970,gd,y,7,0,no_fireplace
160000,312,swisu,070,624,ta,y,6,2,gd
131000,240,swisu,050,992,ta,y,6,2,ta
135000,504,mitchel,090,975,gd,y,4,0,no_fireplace
148000,528,mitchel,080,1128,ta,y,6,0,no_fireplace
146500,928,mitchel,090,1652,ta,y,8,0,no_fireplace
150900,574,mitchel,090,1728,ta,y,8,0,no_fireplace
160000,484,mitchel,020,1126,ta,y,5,1,gd
131000,576,mitchel,020,1224,ta,y,7,1,ta
131000,484,mitchel,020,864,gd,y,5,0,no_fireplace
172000,312,names,020,1329,ta,y,6,0,no_fireplace
213500,582,stonebr,120,1338,gd,y,6,0,no_fireplace
191500,506,stonebr,120,1280,gd,y,5,0,no_fireplace
189000,442,gilbert,060,994,ta,y,7,1,ta
175900,440,gilbert,060,763,gd,y,7,1,ta
180400,393,gilbert,060,789,gd,y,7,1,gd
171500,506,gilbert,020,1300,gd,y,5,1,po
212000,528,stonebr,120,1488,gd,y,4,0,no_fireplace
164000,492,gilbert,050,559,gd,y,8,0,no_fireplace
210000,500,nwames,020,1542,gd,y,7,2,ta
190000,546,nwames,020,1844,gd,y,7,1,ta
205000,484,nridght,120,1370,gd,y,6,1,gd
175500,474,nridght,160,764,gd,y,6,0,no_fireplace
192000,430,blmngtn,120,1256,gd,y,6,1,ta
180000,400,gilbert,080,384,gd,y,7,1,ta
181000,484,sawyerw,060,831,gd,y,8,0,no_fireplace
205000,463,sawyerw,060,948,gd,y,8,2,fa
194500,457,sawyerw,060,996,gd,y,7,0,no_fireplace
171000,476,sawyerw,060,650,gd,y,7,1,ta
190000,564,noridge,060,750,gd,y,8,1,ta
177500,440,somerst,160,756,gd,y,5,0,no_fireplace
205000,480,nwames,020,1610,ta,y,6,2,ta
197500,676,nwames,020,1161,ta,y,5,1,ta
178900,517,names,020,1510,ta,y,6,0,no_fireplace
180500,484,names,080,1152,ta,y,6,1,gd
197600,400,names,050,1140,ta,y,7,2,gd
172500,470,names,050,782,ta,y,6,1,gd
165500,447,names,020,1398,ta,y,6,1,gd
167500,461,names,020,1268,ta,y,6,2,gd
192000,440,names,020,1395,ta,y,7,1,ta
173000,365,clearcr,020,1422,gd,y,8,2,gd
160250,591,sawyer,090,1319,gd,y,5,2,ta
163000,480,sawyer,060,720,ta,y,7,2,ta
178000,476,sawyerw,060,741,gd,y,7,1,ta
198900,740,collgcr,020,1226,gd,y,6,0,no_fireplace
161750,299,collgcr,060,689,gd,y,6,0,no_fireplace
213000,606,collgcr,020,1473,gd,y,7,0,no_fireplace
169000,336,swisu,050,804,ta,y,10,1,gd
185000,598,blueste,120,982,gd,y,4,1,ta
201000,573,mitchel,020,1560,ex,y,7,0,no_fireplace
179781,520,timber,020,1214,gd,y,6,0,no_fireplace
169000,528,mitchel,020,1068,ta,y,7,1,ta
161000,275,mitchel,050,864,ta,y,8,0,no_fireplace
189500,470,gilbert,060,945,gd,y,7,1,ta
189000,390,gilbert,080,384,gd,y,7,1,ta
181316,409,gilbert,060,707,gd,y,7,1,ta
178000,389,gilbert,060,808,gd,y,7,1,ta
174000,343,gilbert,060,702,gd,y,6,1,ta
180500,500,gilbert,020,1424,gd,y,5,0,no_fireplace
181000,435,nwames,020,1362,gd,y,7,1,ta
200000,484,nwames,020,1427,ta,y,7,1,ta
187500,588,nwames,080,1372,gd,y,6,2,ta
184000,479,nwames,020,1140,ta,y,7,1,ta
165000,478,nwames,020,1064,gd,y,7,1,ta
184500,624,nridght,120,1306,gd,y,5,1,gd
174000,390,gilbert,060,742,gd,y,8,1,gd
174000,400,gilbert,060,684,gd,y,6,1,gd
174000,660,blmngtn,120,1373,gd,y,7,1,ta
175900,660,blmngtn,120,1386,gd,y,7,1,ta
181000,457,blmngtn,120,1346,gd,y,7,1,gd
180000,397,blmngtn,120,1220,gd,y,5,1,gd
160200,397,blmngtn,120,1145,gd,y,5,1,gd
188500,432,gilbert,060,716,gd,y,6,1,gd
200000,390,gilbert,060,1010,gd,y,8,1,ta
170000,400,gilbert,080,384,gd,y,6,1,gd
192000,400,gilbert,060,782,gd,y,8,1,gd
207500,626,nridght,120,1314,gd,y,6,1,gd
167000,400,gilbert,080,384,gd,y,7,0,no_fireplace
179000,463,gilbert,060,982,gd,y,7,1,ta
190000,394,gilbert,060,794,gd,y,7,1,ta
168000,410,gilbert,080,384,ta,y,7,1,ta
185000,400,somerst,020,1221,gd,y,6,0,no_fireplace
203000,845,sawyerw,020,1512,gd,y,6,0,no_fireplace
184900,555,sawyerw,020,1176,gd,y,5,0,no_fireplace
171500,528,sawyerw,060,816,gd,y,6,0,no_fireplace
184000,495,sawyerw,060,754,gd,y,6,0,no_fireplace
162000,465,sawyerw,060,676,gd,y,6,0,no_fireplace
164500,528,somerst,160,612,gd,y,4,0,no_fireplace
172500,440,somerst,160,729,gd,y,6,0,no_fireplace
180000,440,somerst,160,756,gd,y,4,0,no_fireplace
211500,484,greens,120,1226,gd,y,4,2,ta
185000,615,nwames,020,1442,ta,y,6,1,ta
185750,462,nwames,020,1489,ta,y,7,1,gd
200000,484,nwames,060,1107,gd,y,7,2,ta
162000,497,nwames,060,723,ta,y,6,1,ta
197900,480,nwames,080,1680,gd,y,7,1,gd
163000,502,nwames,020,1288,gd,y,6,1,fa
167900,630,nwames,020,1350,gd,y,6,1,ta
213250,583,nwames,020,1650,ex,y,7,1,ta
161500,457,nwames,020,1372,ta,y,7,1,gd
167000,472,names,020,1516,ta,y,6,0,no_fireplace
167000,418,names,020,1416,ta,y,7,2,gd
187500,530,names,020,1453,ta,y,6,1,ta
205000,486,names,060,768,ta,y,7,3,fa
193500,509,names,060,896,gd,y,8,1,gd
176000,441,names,020,1329,ta,y,5,2,gd
164900,288,names,020,1008,ta,y,6,2,ta
163000,480,names,020,1040,ta,y,6,1,po
168000,424,oldtown,070,916,ta,y,8,1,gd
179900,216,oldtown,070,672,ta,y,8,0,no_fireplace
200000,662,collgcr,020,1282,gd,y,6,1,gd
194500,632,collgcr,020,1232,gd,y,6,0,no_fireplace
173000,440,collgcr,060,704,gd,y,7,1,gd
204000,577,collgcr,020,1490,gd,y,6,0,no_fireplace
200000,492,collgcr,060,928,gd,y,7,1,ta
195000,493,collgcr,060,831,gd,y,7,0,no_fireplace
203000,577,collgcr,020,1431,gd,y,6,0,no_fireplace
198500,550,collgcr,060,840,gd,y,6,0,no_fireplace
203000,478,collgcr,020,1504,gd,y,6,1,ta
210000,511,collgcr,020,1417,gd,y,7,1,ta
191000,512,collgcr,060,880,gd,y,7,1,ta
178000,573,collgcr,020,1212,gd,y,6,0,no_fireplace
213000,451,collgcr,020,1630,gd,y,6,1,ta
190000,572,collgcr,060,864,gd,y,7,0,no_fireplace
190000,570,collgcr,020,1500,gd,y,6,0,no_fireplace
170000,440,collgcr,060,608,gd,y,6,1,gd
198500,672,edwards,085,0,no_bsmt,y,7,1,ex
197000,672,swisu,075,824,ta,y,12,2,ta
205000,440,crawfor,050,840,ta,y,6,2,ta
177500,213,crawfor,070,771,ta,y,7,2,gd
163500,432,crawfor,030,876,gd,y,5,0,no_fireplace
205000,400,crawfor,090,920,ta,y,13,2,gd
175000,576,timber,020,1392,gd,y,6,1,ta
204000,440,timber,060,712,gd,y,7,1,ta
165500,602,mitchel,085,1097,gd,y,4,1,ta
196000,714,mitchel,020,1567,ta,y,5,2,ta
173000,898,mitchel,060,784,ta,y,7,1,ta
176500,601,names,020,1184,gd,y,6,1,ta
187500,470,gilbert,060,926,ta,y,7,1,ta
177900,404,gilbert,020,1348,gd,y,7,0,no_fireplace
175000,406,gilbert,060,729,gd,y,6,1,ta
180000,506,stonebr,120,1280,gd,y,5,0,no_fireplace
183000,460,gilbert,060,932,gd,y,7,1,ta
188000,431,gilbert,060,773,gd,y,8,1,ta
188500,462,stonebr,120,1337,gd,y,5,1,ta
175500,576,nwames,020,1422,gd,y,7,1,ta
161000,461,nwames,020,1211,gd,y,6,1,po
175000,540,nwames,020,1126,gd,y,6,0,no_fireplace
185000,489,nwames,060,738,gd,y,7,1,ta
192000,484,nridght,120,1367,gd,y,6,1,gd
195000,644,blmngtn,120,1415,gd,y,6,1,ta
190000,400,gilbert,080,856,gd,y,5,0,no_fireplace
213000,434,gilbert,060,847,gd,y,9,1,gd
185900,450,gilbert,060,831,gd,y,7,1,ta
212700,588,somerst,020,1363,gd,y,6,0,no_fireplace
182000,480,somerst,020,1428,gd,y,6,0,no_fireplace
205950,562,somerst,060,813,gd,y,7,0,no_fireplace
173000,520,sawyerw,060,798,gd,y,6,0,no_fireplace
170000,483,sawyerw,020,1162,gd,y,6,0,no_fireplace
182000,525,sawyerw,060,754,gd,y,6,0,no_fireplace
163000,474,sawyerw,060,886,gd,y,7,0,no_fireplace
190500,627,sawyerw,060,827,gd,y,7,0,no_fireplace
193000,533,sawyerw,120,1604,gd,y,5,1,fa
192000,484,veenker,020,1430,ta,y,6,2,ta
196000,530,somerst,120,1391,gd,y,5,0,no_fireplace
171900,625,somerst,160,625,gd,y,5,0,no_fireplace
172900,440,somerst,160,744,gd,y,6,0,no_fireplace
170000,462,somerst,160,672,gd,y,5,0,no_fireplace
200000,480,somerst,160,960,gd,y,7,0,no_fireplace
162500,516,veenker,020,1232,gd,y,6,0,no_fireplace
205000,469,somerst,060,952,gd,y,7,1,ta
183000,516,nwames,080,1427,ta,y,7,0,no_fireplace
170000,464,nwames,060,825,gd,y,7,0,no_fireplace
173000,484,nwames,060,800,ta,y,7,0,no_fireplace
178400,588,names,085,944,ta,y,6,0,no_fireplace
176000,486,nwames,060,832,ta,y,9,1,gd
174900,490,names,080,1127,ta,y,6,0,no_fireplace
165500,377,names,080,992,ta,y,8,1,ta
201800,492,names,060,864,ta,y,8,2,gd
163000,504,names,020,1362,ta,y,6,1,ta
163000,433,names,020,1261,ta,y,6,1,ta
166800,441,names,020,1395,ta,y,5,1,ta
166000,458,names,020,1392,ta,y,6,2,gd
167900,442,names,060,780,ta,y,7,0,no_fireplace
200000,484,oldtown,050,1362,gd,y,6,0,no_fireplace
161000,360,oldtown,070,689,ta,y,7,1,gd
164900,240,brkside,050,981,ta,y,6,1,gd
162900,360,brkside,050,1078,ta,y,8,1,gd
161000,228,oldtown,070,588,ta,y,7,1,gd
185000,621,sawyer,020,988,ta,y,4,1,ta
192000,505,clearcr,060,1160,gd,y,8,1,ta
185000,396,edwards,050,1163,gd,y,8,1,gd
200000,603,clearcr,060,616,gd,y,8,0,no_fireplace
188000,527,collgcr,060,880,gd,y,8,0,no_fireplace
185000,721,collgcr,090,1838,gd,y,8,0,no_fireplace
208500,548,collgcr,060,856,gd,y,8,0,no_fireplace
186500,470,collgcr,020,1445,gd,y,6,0,no_fireplace
165400,397,edwards,060,746,gd,y,7,1,gd
160500,440,edwards,060,684,ta,y,6,1,ta
179500,240,swisu,075,720,ta,y,8,1,gd
161900,480,swisu,090,960,ta,y,10,2,gd
177000,308,crawfor,070,840,gd,y,8,0,no_fireplace
198000,240,crawfor,050,942,ta,y,7,1,gd
213000,816,mitchel,060,910,gd,y,8,1,ta
171000,358,mitchel,080,1096,ta,y,6,1,po
171500,473,mitchel,020,1196,ta,y,6,2,fa
167500,400,timber,080,384,gd,y,7,0,no_fireplace
184000,616,timber,020,1606,gd,y,7,1,ta
180000,578,timber,020,1256,gd,y,6,1,fa
175000,600,timber,080,1461,gd,y,5,1,fa
160500,392,mitchel,120,1189,ex,y,4,0,no_fireplace
172000,530,mitchel,060,784,ta,y,7,1,po
168000,373,gilbert,060,806,gd,y,7,1,ta
177000,388,gilbert,060,794,gd,y,6,0,no_fireplace
169000,460,gilbert,060,916,gd,y,7,1,ta
180000,451,gilbert,060,923,gd,y,7,1,ta
178750,420,gilbert,060,691,gd,y,6,0,no_fireplace
176000,402,gilbert,020,1237,gd,y,6,1,ta
163900,392,gilbert,080,384,gd,y,7,1,ta
207500,577,stonebr,160,1190,gd,y,6,1,ta
178000,477,nwames,080,585,gd,y,7,1,ta
192000,481,nwames,060,780,gd,y,9,1,ta
195000,551,nwames,060,848,ta,y,8,1,ta
197000,550,nwames,060,539,ta,y,6,1,ta
170000,944,nwames,020,1625,ta,y,6,1,ta
175000,487,nwames,020,1484,gd,y,7,1,ta
175000,539,nwames,060,702,ta,y,7,1,gd
174000,585,nwames,080,1228,gd,y,5,1,fa
184000,484,names,060,725,ta,y,7,0,no_fireplace
194700,460,nridght,120,1362,gd,y,6,1,gd
200000,631,nridght,120,1302,gd,y,5,1,gd
207000,460,nridght,120,1362,gd,y,6,1,gd
209500,627,nridght,120,1554,gd,y,6,1,gd
202500,484,nridght,120,1370,gd,y,6,1,gd
181755,572,gilbert,060,768,gd,y,7,0,no_fireplace
176000,400,gilbert,060,768,gd,y,6,1,gd
168165,454,gilbert,060,608,gd,y,6,0,no_fireplace
203000,388,gilbert,020,1326,gd,y,6,0,no_fireplace
176485,436,gilbert,020,1302,gd,y,6,0,no_fireplace
181134,396,gilbert,020,1340,gd,y,6,0,no_fireplace
177594,400,gilbert,060,728,gd,y,7,0,no_fireplace
173500,462,gilbert,020,1246,gd,y,6,0,no_fireplace
172500,648,blmngtn,120,1258,ex,y,6,1,gd
194201,648,blmngtn,120,1258,ex,y,7,1,gd
185485,388,blmngtn,020,1266,gd,y,6,1,gd
188500,437,gilbert,080,835,gd,y,5,0,no_fireplace
206580,534,gilbert,020,1510,gd,y,6,1,gd
165500,400,gilbert,080,384,gd,y,7,1,ta
211000,434,gilbert,060,847,gd,y,8,1,gd
170000,400,gilbert,080,384,gd,y,8,1,ta
162000,400,gilbert,060,660,gd,y,6,0,no_fireplace
185000,460,gilbert,060,941,gd,y,7,1,ta
208900,598,somerst,020,1338,gd,y,6,0,no_fireplace
212109,561,somerst,060,725,gd,y,8,0,no_fireplace
201000,471,sawyerw,060,928,gd,y,7,0,no_fireplace
171000,611,sawyer,085,1390,gd,y,6,2,ta
166000,484,somerst,120,1141,gd,y,5,0,no_fireplace
208900,466,somerst,120,1352,ex,y,5,1,gd
207500,528,somerst,120,1550,gd,y,5,0,no_fireplace
176500,440,somerst,160,744,gd,y,6,1,ta
168500,440,somerst,160,756,gd,y,4,1,ta
177000,440,somerst,160,756,gd,y,4,0,no_fireplace
177000,440,somerst,160,756,gd,y,5,1,ta
204000,625,somerst,020,1339,gd,y,5,0,no_fireplace
164000,528,nwames,020,1295,gd,y,6,0,no_fireplace
188500,472,nwames,020,1594,gd,y,6,1,ta
175500,528,nwames,020,1242,ta,y,6,1,ta
161000,440,names,080,1042,ta,y,5,0,no_fireplace
200000,510,names,020,1592,ta,y,6,1,gd
172000,276,names,080,725,ta,y,6,2,ta
187000,440,names,060,822,ta,y,7,1,fa
169500,264,names,060,864,ta,y,8,1,ta
184900,816,oldtown,070,725,ta,n,7,0,no_fireplace
210000,440,brkside,050,1065,gd,y,6,1,gd
180500,520,brkside,070,764,ta,y,8,1,gd
165000,576,brkside,050,768,ta,y,7,0,no_fireplace
202500,658,idotrr,080,741,ta,y,9,1,gd
200500,0,clearcr,050,1598,ta,y,12,1,gd
165250,224,sawyer,050,680,ta,y,6,2,gd
182000,552,clearcr,020,1190,gd,y,7,1,ta
179900,719,sawyerw,020,910,gd,y,6,1,ta
203000,508,collgcr,020,1274,gd,y,6,0,no_fireplace
195400,628,collgcr,020,1208,gd,y,6,0,no_fireplace
180000,500,collgcr,060,840,gd,y,8,0,no_fireplace
213000,610,collgcr,060,979,gd,y,7,1,gd
200000,542,collgcr,060,860,gd,y,7,0,no_fireplace
211000,608,collgcr,060,860,gd,y,7,2,ta
185000,531,collgcr,020,1337,gd,y,6,0,no_fireplace
213500,639,collgcr,060,939,gd,y,8,0,no_fireplace
179600,626,collgcr,020,1422,gd,y,7,0,no_fireplace
173500,578,collgcr,020,1169,gd,y,5,0,no_fireplace
167840,437,collgcr,020,1330,gd,y,6,1,gd
168675,484,collgcr,060,738,gd,y,7,1,gd
167000,400,collgcr,060,768,gd,y,6,0,no_fireplace
184750,884,edwards,060,3138,ex,y,11,1,gd
200000,0,swisu,190,1440,ta,y,14,0,no_fireplace
165000,180,crawfor,070,602,ta,y,7,2,ta
175000,240,swisu,050,731,gd,y,7,2,ta
189950,216,crawfor,050,912,ta,y,7,1,gd
164000,240,crawfor,075,918,ta,y,7,2,gd
170000,628,crawfor,020,1680,gd,y,7,0,no_fireplace
200624,484,crawfor,020,2035,ta,y,9,2,ta
183500,486,mitchel,085,1001,gd,y,5,1,po
170000,308,timber,020,1350,ta,y,5,2,gd
180500,471,timber,020,1267,ex,y,5,0,no_fireplace
186700,995,timber,020,1572,ta,y,5,2,ta
192100,506,names,020,1851,ta,y,8,1,ta
185000,413,gilbert,060,802,gd,y,8,1,ta
183500,402,gilbert,020,1160,gd,y,6,1,ta
169000,672,gilbert,060,0,no_bsmt,y,7,1,ta
202500,440,nwames,020,1208,gd,y,8,0,no_fireplace
190000,566,nwames,060,796,gd,y,6,1,ta
179900,434,nwames,060,713,gd,y,6,1,ta
184500,485,nwames,080,675,ta,y,8,1,ta
162900,528,nwames,060,832,gd,y,8,1,ta
181000,484,nwames,020,1040,ta,y,5,1,fa
190000,543,names,120,1487,gd,y,4,0,no_fireplace
185850,484,nridght,120,1364,gd,y,6,1,gd
202665,474,nridght,120,1368,gd,y,6,1,gd
171750,478,nridght,120,1405,gd,y,6,1,gd
170440,390,gilbert,060,728,gd,y,8,1,gd
174190,427,gilbert,020,1326,gd,y,6,0,no_fireplace
185101,440,gilbert,060,738,gd,y,8,0,no_fireplace
213490,440,blmngtn,120,1362,gd,y,6,1,gd
192140,372,gilbert,060,732,gd,y,7,1,gd
183200,393,gilbert,060,783,gd,y,7,1,gd
201490,433,gilbert,060,848,gd,y,7,1,gd
172400,460,gilbert,060,953,gd,y,7,1,ta
173000,472,gilbert,060,959,gd,y,7,1,ta
199000,510,somerst,020,1504,gd,y,7,0,no_fireplace
197000,614,somerst,060,770,gd,y,6,0,no_fireplace
176000,453,somerst,020,1257,gd,y,6,1,ta
186800,612,sawyerw,020,1400,gd,y,6,0,no_fireplace
184000,462,sawyerw,060,891,gd,y,8,0,no_fireplace
175900,484,sawyerw,060,761,gd,y,7,0,no_fireplace
176400,588,somerst,120,1143,gd,y,5,1,gd
197000,550,somerst,120,1247,gd,y,4,1,gd
166000,440,somerst,160,756,gd,y,4,0,no_fireplace
165000,490,somerst,160,673,gd,y,6,0,no_fireplace
190000,484,greens,120,1226,gd,y,4,1,fa
170000,487,nwames,080,570,ta,y,8,1,ta
165150,484,nwames,060,732,ta,y,8,1,ta
164500,477,nwames,020,1334,ta,y,7,0,no_fireplace
167000,430,names,020,1008,ta,y,7,1,gd
162000,488,names,020,1121,ta,y,7,1,ta
170000,566,oldtown,050,796,fa,y,7,1,ta
165000,294,names,080,1083,ta,y,6,1,gd
178000,546,oldtown,070,728,ta,y,6,1,gd
164500,564,sawyer,080,1164,ta,y,6,2,fa
165000,512,sawyer,020,1176,ta,y,7,1,ta
168000,576,sawyer,020,1188,ta,y,6,1,ta
182000,528,edwards,080,1776,ta,y,6,1,fa
193879,662,collgcr,020,1286,gd,y,6,1,gd
204900,675,collgcr,020,1498,gd,y,5,0,no_fireplace
181000,610,collgcr,060,784,gd,y,6,0,no_fireplace
196000,515,collgcr,060,842,gd,y,7,0,no_fireplace
200000,492,collgcr,060,916,gd,y,8,0,no_fireplace
174000,672,collgcr,080,995,ta,y,6,0,no_fireplace
197000,529,collgcr,060,872,gd,y,8,0,no_fireplace
210900,467,collgcr,060,1065,gd,y,9,1,ta
207000,545,collgcr,020,1390,gd,y,7,0,no_fireplace
200000,544,collgcr,020,1682,gd,y,7,0,no_fireplace
203160,578,collgcr,060,851,gd,y,7,0,no_fireplace
195800,572,collgcr,060,784,gd,y,6,0,no_fireplace
212900,782,collgcr,020,1552,gd,y,7,0,no_fireplace
196500,565,collgcr,060,860,gd,y,7,0,no_fireplace
198000,502,collgcr,020,1336,gd,y,6,0,no_fireplace
163990,390,collgcr,060,728,gd,y,8,1,gd
167000,288,crawfor,070,818,ta,y,7,1,gd
200100,216,crawfor,070,793,fa,y,9,1,gd
210000,365,crawfor,070,697,ta,y,8,1,gd
209000,490,mitchel,020,1491,ex,y,7,0,no_fireplace
171000,766,mitchel,090,1907,ta,y,9,0,no_fireplace
176000,551,timber,020,1112,gd,y,5,1,ta
188000,560,mitchel,090,1728,ta,y,8,0,no_fireplace
188000,650,mitchel,060,996,gd,y,9,1,ta
215000,528,names,020,1080,ta,y,7,2,gd
236500,608,stonebr,120,1595,gd,y,5,1,ta
538000,841,stonebr,060,1650,gd,y,12,1,gd
394432,834,stonebr,020,1856,ex,y,8,1,ex
216000,663,somerst,060,814,gd,y,7,0,no_fireplace
395192,606,nridght,020,1930,ex,y,8,1,gd
290941,868,nridght,020,1544,gd,y,7,0,no_fireplace
220000,532,nridght,020,1541,gd,y,7,1,gd
275000,730,nridght,020,1698,ex,y,7,1,gd
259000,678,nridght,020,1822,ex,y,8,1,gd
224000,484,nridght,120,1358,gd,y,6,1,gd
320000,756,nridght,060,1671,gd,y,7,1,ex
319900,576,nridght,120,1752,ex,y,6,1,gd
216500,440,gilbert,060,860,gd,y,8,2,ta
333168,779,noridge,060,1393,gd,y,10,1,ta
260400,527,noridge,020,1720,gd,y,7,1,ta
325000,712,noridge,060,1463,ex,y,9,2,ta
290000,671,noridge,060,1152,gd,y,9,1,gd
221000,486,noridge,060,1195,gd,y,7,0,no_fireplace
410000,666,noridge,050,2033,gd,y,9,1,ex
271500,528,somerst,020,1468,ex,y,6,1,gd
233000,618,sawyerw,060,956,gd,y,8,0,no_fireplace
285000,713,noridge,060,1390,gd,y,7,1,ta
260000,506,somerst,120,1488,ex,y,6,1,gd
222000,484,somerst,020,1470,ex,y,7,1,gd
230000,596,somerst,020,1492,gd,y,6,1,gd
218500,535,nwames,020,1829,ta,y,8,0,no_fireplace
243500,660,nwames,060,1280,gd,y,9,1,ta
240000,624,oldtown,070,346,fa,y,7,0,no_fireplace
270000,690,clearcr,020,1420,gd,y,4,2,ta
260000,586,clearcr,040,1332,gd,y,4,1,ta
270000,528,sawyerw,020,1433,gd,y,4,2,ta
218000,1017,sawyerw,060,946,gd,y,8,1,gd
318000,850,collgcr,020,1978,gd,y,8,1,gd
240000,621,collgcr,060,1040,gd,y,9,1,ta
224900,598,collgcr,020,1649,gd,y,6,0,no_fireplace
215000,484,crawfor,090,1032,ta,y,11,0,no_fireplace
335000,567,crawfor,020,1902,gd,y,7,2,ta
246000,525,crawfor,120,1594,ex,y,5,1,gd
254900,741,mitchel,060,1049,gd,y,8,1,ta
220000,660,timber,020,1336,gd,y,6,1,ta
378500,746,timber,020,2002,ex,y,10,1,gd
285000,482,mitchel,020,1679,gd,y,6,2,ta
231000,616,mitchel,060,1152,gd,y,7,1,fa
377500,758,gilbert,020,1746,ex,y,7,2,gd
278000,499,stonebr,120,1501,gd,y,5,1,ex
240000,495,stonebr,120,1418,gd,y,5,0,no_fireplace
501837,1166,stonebr,020,2216,ex,y,9,1,gd
372500,834,stonebr,020,2046,ex,y,7,1,gd
260000,430,stonebr,020,1530,ex,y,7,1,gd
260000,484,nwames,060,845,gd,y,10,1,ta
215000,529,nwames,020,1602,gd,y,8,1,ta
249000,441,nwames,060,1043,gd,y,9,1,ta
240900,581,somerst,060,926,gd,y,7,1,ex
220000,588,somerst,060,1058,gd,y,7,1,ta
337500,786,nridght,020,1700,ex,y,7,1,gd
462000,754,nridght,060,1776,ex,y,10,3,gd
485000,820,nridght,060,1926,ex,y,11,2,gd
256300,890,nridght,020,1566,gd,y,7,1,gd
253293,1390,nridght,020,2042,ex,y,8,1,gd
398800,864,nridght,060,1365,ex,y,8,1,gd
335000,836,nridght,060,1104,ex,y,10,1,gd
404000,896,nridght,020,2020,ex,y,7,1,gd
451950,842,nridght,060,1722,ex,y,10,1,gd
409900,640,nridght,060,1508,ex,y,10,1,gd
335000,927,nridght,020,1739,ex,y,8,1,gd
274900,856,nridght,020,1713,ex,y,7,1,gd
324000,850,nridght,020,1774,ex,y,7,1,gd
269500,583,nridght,020,1760,gd,y,8,1,gd
290000,730,nridght,060,1082,gd,y,10,1,gd
230000,626,nridght,120,1314,gd,y,6,1,gd
320000,649,nridght,120,1884,ex,y,6,1,gd
245000,658,gilbert,060,1177,gd,y,8,1,ta
337000,856,noridge,060,1252,gd,y,8,1,gd
336000,676,noridge,060,1225,gd,y,8,1,ta
260000,656,noridge,060,1347,gd,y,9,1,ta
260000,647,noridge,060,1070,gd,y,7,1,ta
263550,623,noridge,060,1173,gd,y,8,1,ta
402000,711,noridge,060,1629,gd,y,8,1,ta
248000,467,noridge,060,973,gd,y,7,1,gd
257500,726,somerst,020,1614,gd,y,7,1,gd
287090,840,somerst,020,1573,gd,y,7,1,gd
275500,844,somerst,020,1702,gd,y,7,1,gd
253000,689,somerst,060,1113,gd,y,8,1,gd
252678,644,somerst,060,900,gd,y,7,1,ta
225000,529,somerst,020,1436,ex,y,6,0,no_fireplace
229800,625,somerst,020,1402,gd,y,7,0,no_fireplace
370878,478,somerst,020,1766,ex,y,7,1,gd
238500,692,somerst,020,1372,gd,y,6,1,gd
310000,812,somerst,060,1017,ex,y,10,1,ex
252000,1043,somerst,060,1082,gd,y,9,1,gd
241000,438,somerst,060,1092,gd,y,7,0,no_fireplace
264500,517,somerst,020,1836,gd,y,8,1,gd
263000,615,somerst,060,912,gd,y,8,1,gd
275000,864,veenker,020,2014,gd,y,6,2,gd
280750,704,somerst,160,1376,gd,y,9,1,ta
241600,540,veenker,020,1740,gd,y,7,0,no_fireplace
227000,528,nwames,060,810,gd,y,6,0,no_fireplace
214500,441,brkside,075,844,ta,n,10,0,no_fireplace
316600,612,sawyerw,050,1496,gd,y,5,1,gd
239900,473,sawyerw,060,1079,gd,y,8,1,ta
239500,466,sawyerw,060,1128,gd,y,8,1,ta
269500,820,sawyerw,090,1168,ex,y,8,2,ta
269500,820,sawyerw,090,1168,ex,y,8,2,ta
323262,1138,collgcr,020,1555,ex,y,8,1,gd
295493,860,collgcr,020,1622,ex,y,8,1,gd
239000,702,collgcr,020,1800,ex,y,7,0,no_fireplace
221800,810,collgcr,020,1254,gd,y,5,0,no_fireplace
237000,844,collgcr,020,1498,ex,y,7,1,gd
233500,525,clearcr,060,1449,gd,y,7,1,ta
250000,1231,collgcr,020,1569,gd,y,6,0,no_fireplace
279500,523,collgcr,020,1822,ex,y,7,1,gd
219500,645,collgcr,060,1057,gd,y,8,0,no_fireplace
293200,810,collgcr,020,1578,gd,y,7,1,gd
222000,540,crawfor,020,880,gd,y,5,1,gd
251000,642,mitchel,060,1107,gd,y,7,1,ta
239686,670,mitchel,050,1434,ex,y,6,1,ex
240000,550,mitchel,020,1710,ex,y,7,1,gd
215000,560,mitchel,060,804,ex,y,7,1,ta
375000,513,timber,020,2136,gd,y,8,2,gd
315500,912,timber,020,1620,ex,y,6,1,ex
224500,650,timber,060,846,ex,y,6,0,no_fireplace
410000,780,timber,020,2190,ex,y,9,1,ex
315000,765,timber,020,1838,ex,y,8,1,gd
247900,528,stonebr,120,1664,ex,y,6,1,ta
334000,557,stonebr,120,1710,ex,y,6,1,gd
226500,528,nwames,020,1675,gd,y,6,1,ex
220000,551,nwames,020,1782,gd,y,6,1,ta
272000,619,nwames,060,1330,gd,y,11,1,ta
317500,905,nridght,020,1582,ex,y,7,0,no_fireplace
372402,866,nridght,020,1710,ex,y,6,1,gd
417500,650,nridght,020,2418,ex,y,9,1,ex
383000,706,nridght,020,1950,ex,y,7,1,gd
390000,850,nridght,060,1850,ex,y,9,1,gd
379000,1003,nridght,060,1414,ex,y,9,1,gd
284000,871,nridght,060,998,gd,y,8,1,gd
284000,732,nridght,020,1603,gd,y,7,1,ta
370000,795,nridght,060,1765,ex,y,9,1,gd
336860,870,nridght,120,1858,gd,y,7,1,gd
266000,564,nridght,120,1684,ex,y,6,1,ex
219990,668,blmngtn,120,1393,gd,y,7,1,ta
284500,516,noridge,075,1173,gd,y,9,1,ta
315000,696,noridge,060,1470,gd,y,8,1,ta
291000,687,noridge,060,1519,ex,y,8,1,ta
350000,938,noridge,020,1982,gd,y,5,1,ta
350000,839,noridge,020,2109,gd,y,7,1,ta
287500,783,noridge,060,1080,gd,y,9,1,gd
214000,668,somerst,060,894,gd,y,9,1,gd
232000,824,somerst,020,1574,gd,y,7,1,gd
227680,554,somerst,020,1417,gd,y,6,0,no_fireplace
247000,480,somerst,020,1460,ex,y,6,1,gd
250580,529,somerst,020,1372,ex,y,6,0,no_fireplace
226700,603,somerst,060,866,gd,y,7,0,no_fireplace
250000,936,somerst,060,1026,gd,y,9,1,gd
256000,660,somerst,020,1660,gd,y,7,1,gd
300000,495,somerst,120,1614,gd,y,5,1,ta
345000,846,somerst,160,970,gd,y,7,1,ta
240000,624,nwames,060,1522,ta,y,9,1,ta
227000,480,names,060,1104,ta,y,9,1,gd
256000,520,oldtown,050,1510,gd,y,8,2,ta
241500,439,clearcr,020,1385,gd,y,5,2,ta
260000,0,edwards,030,1580,ta,y,5,2,gd
225000,453,sawyerw,060,812,gd,y,9,1,ta
229000,472,sawyerw,080,672,gd,y,8,1,ta
248500,864,collgcr,020,1615,gd,y,7,1,gd
215700,600,collgcr,060,864,gd,y,6,0,no_fireplace
235000,626,collgcr,060,928,gd,y,6,0,no_fireplace
223500,608,collgcr,060,920,gd,y,6,1,ta
235000,839,collgcr,060,992,gd,y,7,1,ta
230000,660,collgcr,060,1004,gd,y,7,2,ta
224900,543,collgcr,060,884,gd,y,8,0,no_fireplace
218836,814,collgcr,020,1564,gd,y,6,0,no_fireplace
381000,1014,crawfor,050,728,ta,y,11,2,gd
311500,431,crawfor,050,798,ta,y,8,2,ta
263400,506,crawfor,050,832,ta,y,8,2,ta
236500,484,crawfor,020,1898,ta,y,7,2,ta
224000,924,crawfor,020,1296,ta,y,7,1,gd
294464,525,crawfor,120,1596,ex,y,5,1,gd
275000,482,crawfor,120,1594,ex,y,5,1,gd
300000,786,mitchel,020,1840,ex,y,7,0,no_fireplace
271000,857,mitchel,020,1568,gd,y,7,2,gd
228950,529,timber,190,1499,ta,y,7,2,gd
241500,512,timber,120,1277,gd,y,6,1,ta
287000,665,timber,020,1565,gd,y,10,1,gd
218689,666,timber,060,796,gd,y,6,0,no_fireplace
305000,749,timber,060,1482,gd,y,10,2,gd
370000,892,timber,020,1964,ex,y,7,1,gd
377426,676,stonebr,020,1922,ex,y,8,1,gd
349265,729,stonebr,060,1149,ex,y,10,1,gd
319900,556,stonebr,120,1612,ex,y,6,1,gd
392000,567,stonebr,020,1419,gd,y,7,1,gd
455000,724,stonebr,020,1742,ex,y,8,1,gd
356000,730,nridght,020,1790,ex,y,7,1,gd
322400,856,nridght,020,1694,ex,y,7,1,gd
345474,938,nridght,020,2108,gd,y,7,1,ex
415298,732,nridght,020,2121,ex,y,8,1,ex
492000,1040,nridght,060,1934,ex,y,8,1,gd
338931,670,nridght,060,1108,ex,y,11,1,gd
479069,932,nridght,020,2552,ex,y,8,2,ex
395000,895,nridght,020,1935,gd,y,9,1,gd
380000,694,nridght,060,2153,gd,y,9,1,gd
440000,908,nridght,020,1976,ex,y,7,1,ex
418000,814,nridght,060,1704,ex,y,9,1,ex
325624,789,nridght,060,1582,ex,y,8,1,gd
372000,843,nridght,020,1802,ex,y,7,1,gd
285000,656,nridght,060,1181,gd,y,10,1,gd
232698,554,nridght,020,1721,gd,y,7,0,no_fireplace
250000,876,nridght,060,1298,gd,y,7,0,no_fireplace
280000,564,nridght,120,1577,ex,y,6,1,gd
221370,550,nridght,120,1324,gd,y,6,1,gd
226500,630,blmngtn,120,1406,gd,y,7,1,ta
215000,434,gilbert,060,847,gd,y,8,1,gd
745000,813,noridge,060,2396,ex,y,10,2,ta
248000,648,noridge,060,969,gd,y,8,1,ta
466500,804,noridge,020,2633,ex,y,8,2,gd
410000,806,noridge,060,1408,ex,y,9,1,ta
322500,758,noridge,060,1389,gd,y,9,1,ta
290000,721,noridge,060,1203,gd,y,9,1,ta
290000,752,noridge,060,1318,gd,y,9,1,ta
263000,517,noridge,060,1105,ex,y,9,1,ta
215000,484,somerst,020,1524,gd,y,7,1,gd
255000,865,somerst,020,1623,gd,y,8,1,gd
235876,480,somerst,020,1528,gd,y,6,1,ta
311872,786,somerst,020,1726,ex,y,8,1,gd
227000,825,somerst,020,1588,gd,y,7,1,gd
260000,484,somerst,020,1538,gd,y,7,0,no_fireplace
249000,672,somerst,020,1494,gd,y,7,1,gd
250000,574,somerst,060,982,gd,y,7,0,no_fireplace
255000,590,somerst,060,896,gd,y,8,0,no_fireplace
303477,550,somerst,060,1184,gd,y,11,1,gd
249700,826,somerst,020,1656,gd,y,7,0,no_fireplace
253000,658,somerst,020,1685,gd,y,5,1,gd
340000,610,somerst,060,1580,gd,y,8,1,gd
294000,518,veenker,060,1192,ta,y,9,2,gd
302000,750,noridge,060,1453,ex,y,9,1,ex
285000,541,noridge,050,1683,gd,y,9,1,ta
239000,576,somerst,060,975,gd,y,7,1,ta
312500,1105,somerst,060,1220,ex,y,8,2,ta
213750,571,greens,120,1057,gd,y,4,2,ta
373000,676,veenker,020,2461,gd,y,7,2,gd
226000,650,somerst,060,1057,gd,y,7,1,ta
240050,570,nwames,060,1008,ta,y,8,1,po
255000,473,nwames,060,1148,gd,y,8,1,gd
301600,1200,names,070,666,ta,y,9,0,no_fireplace
219000,498,sawyer,070,1005,ta,y,7,2,gd
302000,739,clearcr,020,1643,gd,y,5,2,ta
216000,576,edwards,020,409,ta,y,6,1,ta
243000,576,edwards,020,1202,ta,y,7,1,gd
228500,575,sawyerw,060,807,gd,y,7,1,ta
383970,792,collgcr,060,1264,ex,y,10,1,gd
250000,870,collgcr,020,1643,gd,y,7,1,gd
279500,840,collgcr,020,1494,gd,y,7,1,gd
246500,870,collgcr,020,1643,gd,y,7,1,gd
276000,868,collgcr,060,1482,ex,y,10,1,gd
217000,796,collgcr,020,1546,gd,y,7,0,no_fireplace
277000,389,clearcr,050,1444,gd,y,7,2,ta
279000,529,clearcr,020,966,gd,y,5,2,fa
235500,597,collgcr,060,988,gd,y,7,1,ta
217000,534,collgcr,060,853,gd,y,7,1,fa
228500,647,collgcr,060,1284,gd,y,7,1,gd
270000,583,collgcr,020,1673,ta,y,7,1,ta
285000,702,collgcr,020,1626,gd,y,7,1,ta
246900,482,collgcr,020,1341,gd,y,5,1,ta
219500,434,collgcr,060,847,gd,y,8,1,gd
239000,864,crawfor,070,1370,gd,n,10,1,gd
359100,380,crawfor,070,965,gd,y,10,2,gd
315000,440,crawfor,070,853,gd,y,10,2,ta
219500,240,crawfor,070,800,ta,y,6,2,gd
215000,552,crawfor,020,1488,gd,y,7,2,gd
315000,691,crawfor,020,279,gd,y,6,1,gd
375000,495,crawfor,120,1573,gd,y,5,1,gd
257000,461,timber,020,585,ta,y,7,1,gd
248900,870,timber,020,1638,gd,y,6,1,gd
279900,452,timber,060,1122,gd,y,10,1,gd
283463,712,timber,020,1732,ex,y,7,1,gd
392000,932,timber,020,1824,ex,y,8,1,gd
281213,642,timber,060,1094,gd,y,9,1,gd
222000,642,gilbert,060,964,gd,y,8,1,ta
320000,576,gilbert,060,1392,gd,y,9,1,gd
240000,690,gilbert,020,1670,gd,y,7,1,gd
309000,773,gilbert,060,1700,gd,y,9,1,gd
274725,422,gilbert,060,868,ex,y,9,1,gd
239000,504,stonebr,160,1064,gd,y,5,1,ta
275000,564,stonebr,120,1742,gd,y,5,1,ta
556581,716,stonebr,060,1992,ex,y,11,1,gd
361919,666,stonebr,060,1234,ex,y,10,1,gd
535000,736,stonebr,060,1850,ex,y,11,1,gd
438780,641,stonebr,060,1410,ex,y,10,1,gd
319000,758,stonebr,020,1814,gd,y,7,1,ta
229000,786,nwames,050,1204,gd,y,9,0,no_fireplace
241500,604,nwames,020,1845,gd,y,6,1,ta
250000,564,nwames,060,1392,gd,y,12,2,ta
294323,541,somerst,060,960,gd,y,8,1,ex
412083,831,nridght,060,1738,ex,y,11,1,gd
342643,840,nridght,060,1249,ex,y,9,0,no_fireplace
252000,880,nridght,020,1618,gd,y,6,1,gd
326000,772,nridght,020,1833,ex,y,8,1,gd
309000,691,nridght,060,1117,ex,y,9,1,gd
275500,878,nridght,060,1030,gd,y,8,1,gd
344133,575,nridght,060,1209,ex,y,8,1,gd
298236,672,nridght,060,1054,ex,y,10,1,gd
360000,708,nridght,020,1896,ex,y,8,3,ex
372397,925,nridght,020,1792,ex,y,6,1,gd
378000,816,nridght,020,1780,ex,y,7,1,gd
279000,746,nridght,060,1420,gd,y,9,1,ta
258000,632,gilbert,060,1052,gd,y,9,1,gd
264561,648,blmngtn,120,1520,gd,y,7,1,gd
215000,431,gilbert,060,982,gd,y,9,1,ta
287602,617,gilbert,060,1035,gd,y,8,0,no_fireplace
230000,429,gilbert,060,975,gd,y,8,1,ta
286000,885,noridge,060,1044,gd,y,7,1,ex
625000,807,noridge,060,1930,ex,y,10,1,ta
405000,774,noridge,060,1540,ex,y,9,1,ta
280000,592,noridge,060,1086,gd,y,7,1,ta
258000,420,noridge,060,1141,gd,y,10,1,ta
350000,725,noridge,060,1342,gd,y,9,1,ex
584500,959,noridge,060,1733,ex,y,11,1,ta
290000,844,noridge,060,1165,gd,y,8,1,ta
315000,704,noridge,060,1286,gd,y,8,1,ta
252000,760,somerst,060,1100,gd,y,8,1,gd
423000,1134,somerst,020,2077,ex,y,8,1,ex
290000,500,somerst,020,1660,ex,y,8,1,gd
232600,776,somerst,020,1489,gd,y,7,1,gd
266000,1053,somerst,060,1095,gd,y,8,1,gd
248500,462,sawyerw,060,836,gd,y,7,0,no_fireplace
310000,796,noridge,060,1338,gd,y,10,1,ta
221000,564,somerst,020,1568,gd,y,6,1,ta
270000,481,veenker,120,1494,gd,y,6,1,gd
214000,484,greens,120,1235,gd,y,4,3,ta
250000,619,nwames,060,1054,ta,y,9,1,gd
235000,795,names,075,1360,ta,y,8,1,ex
475000,840,oldtown,075,1107,ta,y,12,2,ta
220000,576,oldtown,050,1595,ta,y,8,1,gd
278000,521,clearcr,020,1865,gd,y,6,2,gd
235000,795,edwards,070,672,ta,y,8,2,gd
215000,471,sawyerw,060,777,gd,y,8,1,ta
224500,920,sawyerw,090,1344,gd,y,8,0,no_fireplace
221500,865,collgcr,020,1614,gd,y,7,0,no_fireplace
239799,868,collgcr,060,1391,gd,y,7,0,no_fireplace
233555,495,collgcr,020,1836,gd,y,7,1,gd
220000,506,sawyerw,060,908,gd,y,8,1,ta
214000,472,collgcr,020,1588,gd,y,6,0,no_fireplace
217000,586,collgcr,060,951,gd,y,7,1,ta
220000,418,collgcr,020,1348,gd,y,5,1,ta
275000,748,collgcr,020,1753,gd,y,7,1,ta
230000,900,collgcr,020,1654,gd,y,6,0,no_fireplace
268500,646,collgcr,060,1090,gd,y,8,1,ta
227000,555,collgcr,060,1054,gd,y,8,1,ta
237000,610,collgcr,060,930,gd,y,8,1,ta
274300,583,collgcr,060,1108,gd,y,8,1,ta
216837,484,collgcr,020,1860,gd,y,8,1,gd
233230,685,collgcr,060,1079,gd,y,8,1,gd
230000,470,crawfor,020,1073,ta,y,6,1,gd
217500,621,crawfor,020,1430,gd,y,7,1,ta
375000,495,crawfor,120,1573,ex,y,5,1,gd
300000,525,crawfor,120,1594,ex,y,5,1,gd
242500,576,mitchel,020,1625,gd,y,6,1,ta
335000,628,timber,060,1210,gd,y,9,2,gd
230000,312,grnhill,120,0,no_bsmt,y,5,0,no_fireplace
250764,518,timber,020,1632,gd,y,6,2,gd
228000,511,timber,020,1686,gd,y,6,1,ta
250000,693,timber,060,1216,gd,y,8,0,no_fireplace
312500,765,timber,020,1800,ex,y,7,1,gd
320000,714,timber,020,1728,ex,y,8,2,gd
369900,880,timber,020,1868,ex,y,7,2,gd
359900,682,timber,020,1838,gd,y,9,1,gd
